,nombre_app,puntaje,bigramas_caracteristicas,conteo
0,AI Dungeon,1,historias privadas,3
1,AI Dungeon,1,número limitado,1
2,AI Dungeon,1,vista artístico,1
3,AI Dungeon,1,ai torpe,1
4,AI Dungeon,1,juego basado,1
5,AI Dungeon,1,Dm decente,1
6,AI Dungeon,1,censuras excesivas reputación pública,1
7,AI Dungeon,1,publicidad obligatoria,1
8,AI Dungeon,1,privacidad inconmensurable,1
9,AI Dungeon,1,filtro inutil,1
10,AI Dungeon,1,lástima enorme,1
11,AI Dungeon,1,veces sola,1
12,AI Dungeon,1,mundo cyberpunk hacker profesional,1
13,AI Dungeon,1,numero menor,1
14,AI Dungeon,1,ideas destacables,1
15,AI Dungeon,1,aventura prediseñada,1
16,AI Dungeon,1,actualización disponible textos incongruentes,1
17,AI Dungeon,1,funciones buenas,1
18,AI Dungeon,1,texto largo,1
19,AI Dungeon,1,experiencia lamentable,1
20,AI Dungeon,2,cosas nuevas control total reino medieval,1
21,AI Dungeon,2,escena erotica,1
22,AI Dungeon,2,idioma español,1
23,AI Dungeon,2,cosas inconsistentes,1
24,AI Dungeon,2,reseña anterior aventura textual,1
25,AI Dungeon,2,personaje femenino,1
26,AI Dungeon,2,inteligencia artificial,1
27,AI Dungeon,2,Historias decentes,1
28,AI Dungeon,2,ingles pongalo,1
29,AI Dungeon,3,personaje incapacitado,1
30,AI Dungeon,3,historias aveces,1
31,AI Dungeon,3,países hispano,1
32,AI Dungeon,3,español estaria,1
33,AI Dungeon,3,Ta bueno,1
34,AI Dungeon,3,idioma español,1
35,AI Dungeon,3,votación verdadera,1
36,AI Dungeon,3,personas hispanohablantes,1
37,AI Dungeon,3,poder costearnos,1
38,AI Dungeon,3,versión web,1
39,AI Dungeon,3,cosas raras inteligencia artificial,1
40,AI Dungeon,3,personaje nuevo,1
41,AI Dungeon,3,personajes muertos razon aparente,1
42,AI Dungeon,3,idioma solo,1
43,AI Dungeon,3,idea seria hecho fantastico,1
44,AI Dungeon,3,juego increíble,1
45,AI Dungeon,3,] bueno pantalla negra,1
46,AI Dungeon,4,idioma español,2
47,AI Dungeon,4,Posibilidades infinitas,1
48,AI Dungeon,4,opción habilitada ejemplo español,1
49,AI Dungeon,4,traducción automática,1
50,AI Dungeon,4,versión gratuita,1
51,AI Dungeon,4,experiencia increíble,1
52,AI Dungeon,4,juego bueno idioma español,1
53,AI Dungeon,4,comentario,1
54,AI Dungeon,4,vercion gratuita,1
55,AI Dungeon,4,español seria,1
56,AI Dungeon,4,app ojala,1
57,AI Dungeon,4,español tambien,1
58,AI Dungeon,4,inteligencia artificial,1
59,AI Dungeon,4,npc llamado,1
60,AI Dungeon,4,español ,1
61,AI Dungeon,4,error no-relacionados,1
62,AI Dungeon,4,paquete adicional,1
63,AI Dungeon,4,sonidos acorde,1
64,AI Dungeon,4,versión anterior problema anterior juego funcional,1
65,AI Dungeon,4,aplicación recomendada,1
66,AI Dungeon,4,vez peor cosas nuevas,1
67,AI Dungeon,4,Inteligencia excelente,1
68,AI Dungeon,4,modo multijugador,1
69,AI Dungeon,4,diálogos cortados,1
70,AI Dungeon,4,aventuras épicas final feliz,1
71,AI Dungeon,4,aventura intensa,1
72,AI Dungeon,4,juego legendario,1
73,AI Dungeon,4,información específica personajes recurrentes filtro moderado,1
74,AI Dungeon,4,herramientas disponibles,1
75,AI Dungeon,5,idioma español,9
76,AI Dungeon,5,inteligencia artificial,5
77,AI Dungeon,5,cosas inesperadas,2
78,AI Dungeon,5,historias interesantes,2
79,AI Dungeon,5,obra maestra,2
80,AI Dungeon,5,cosas incoherentes,2
81,AI Dungeon,5,super genial manera fluida idea excelente,1
82,AI Dungeon,5,cosas buenas RPG normal,1
83,AI Dungeon,5,app genial,1
84,AI Dungeon,5,nivel exponencial,1
85,AI Dungeon,5,gente suelta,1
86,AI Dungeon,5,aventura divertida,1
87,AI Dungeon,5,eventos pasados,1
88,AI Dungeon,5,cosas aleatorias,1
89,AI Dungeon,5,historias sorprendente,1
90,AI Dungeon,5,idea buenisima,1
91,AI Dungeon,5,criatura ancestral,1
92,AI Dungeon,5,coherencia narrada,1
93,AI Dungeon,5,idioma español gente hispanohablante,1
94,AI Dungeon,5,dios caracteristicas,1
95,AI Dungeon,5,IA Solo,1
96,AI Dungeon,5,app increíble español seria,1
97,AI Dungeon,5,problema recurrente,1
98,AI Dungeon,5,historias originales,1
99,AI Dungeon,5,figura femenina(cualquiera muere(más común esqueletos(demasiado común super comunes,1
100,AI Dungeon,5,historia seria,1
101,AI Dungeon,5,momentos emotivos,1
102,AI Dungeon,5,acciones ilimitadas,1
103,AI Dungeon,5,relaciones sexuales historia cyberpunk,1
104,Ask AI - Chatbot con GPT,1,mensajes diarios,9
105,Ask AI - Chatbot con GPT,1,preguntas diarias,8
106,Ask AI - Chatbot con GPT,1,plan gratuito,4
107,Ask AI - Chatbot con GPT,1,inteligencia artificial,4
108,Ask AI - Chatbot con GPT,1,límite diario,3
109,Ask AI - Chatbot con GPT,1,límite gratuito,2
110,Ask AI - Chatbot con GPT,1,preguntas gratuitas,2
111,Ask AI - Chatbot con GPT,1,mensajes ,2
112,Ask AI - Chatbot con GPT,1,inteligencia artificial echos lógicos temas delicado,1
113,Ask AI - Chatbot con GPT,1,manera oficial,1
114,Ask AI - Chatbot con GPT,1,precio alto latinoamericana peor,1
115,Ask AI - Chatbot con GPT,1,mensajes diarios plan gratuito,1
116,Ask AI - Chatbot con GPT,1,mensajes diarios dinero BASURA,1
117,Ask AI - Chatbot con GPT,1,app mediocre cara increible limite diario,1
118,Ask AI - Chatbot con GPT,1,palabras dañinas,1
119,Ask AI - Chatbot con GPT,1,respuestas acertadas,1
120,Ask AI - Chatbot con GPT,1,preguntas gratos,1
121,Ask AI - Chatbot con GPT,1,basura tremenda,1
122,Ask AI - Chatbot con GPT,1,humor negro temas mundanos,1
123,Ask AI - Chatbot con GPT,1,página original,1
124,Ask AI - Chatbot con GPT,1,pago solo,1
125,Ask AI - Chatbot con GPT,1,información verdadera,1
126,Ask AI - Chatbot con GPT,1,mensajes gratuito,1
127,Ask AI - Chatbot con GPT,1,noticia reciente,1
128,Ask AI - Chatbot con GPT,1,respuestas diarias,1
129,Ask AI - Chatbot con GPT,1,proyecto original acceso directo,1
130,Ask AI - Chatbot con GPT,1,mensajes ilimitados,1
131,Ask AI - Chatbot con GPT,1,sistema operativo,1
132,Ask AI - Chatbot con GPT,1,estrella debido,1
133,Ask AI - Chatbot con GPT,2,preguntas diarias,4
134,Ask AI - Chatbot con GPT,2,versión gratuita,4
135,Ask AI - Chatbot con GPT,2,historia parecido textos literarios versión gratuita,1
136,Ask AI - Chatbot con GPT,2,motivo desinstalo,1
137,Ask AI - Chatbot con GPT,2,tema especifico,1
138,Ask AI - Chatbot con GPT,2,ensayo completos,1
139,Ask AI - Chatbot con GPT,2,preguntas sencillas manera incorrecta información errónea,1
140,Ask AI - Chatbot con GPT,2,limites seria,1
141,Ask AI - Chatbot con GPT,2,mensajes limitados,1
142,Ask AI - Chatbot con GPT,2,veces mejor,1
143,Ask AI - Chatbot con GPT,2,forma diaria preguntas diarias,1
144,Ask AI - Chatbot con GPT,2,buscador web,1
145,Ask AI - Chatbot con GPT,2,ensayos científicos,1
146,Ask AI - Chatbot con GPT,2,página oficial,1
147,Ask AI - Chatbot con GPT,2,límite diario,1
148,Ask AI - Chatbot con GPT,2,información privada,1
149,Ask AI - Chatbot con GPT,2,an agotado,1
150,Ask AI - Chatbot con GPT,2,plan gratuito,1
151,Ask AI - Chatbot con GPT,2,información actual,1
152,Ask AI - Chatbot con GPT,2,pagina original,1
153,Ask AI - Chatbot con GPT,2,informaciones erroneas final doble,1
154,Ask AI - Chatbot con GPT,2,peticiones clara respuesta anterior información correcta preguntas diarias finalización concreta,1
155,Ask AI - Chatbot con GPT,2,inteligencia artificial días gratuitos q completa,1
156,Ask AI - Chatbot con GPT,3,tema educativo preguntas diarias preguntas completas preguntas diarias,1
157,Ask AI - Chatbot con GPT,3,super buena aplicación solo,1
158,Ask AI - Chatbot con GPT,3,suscripción completa,1
159,Ask AI - Chatbot con GPT,3,servicio gratuito,1
160,Ask AI - Chatbot con GPT,3,día ,1
161,Ask AI - Chatbot con GPT,3,preguntas diarias,1
162,Ask AI - Chatbot con GPT,3,version gratuita,1
163,Ask AI - Chatbot con GPT,3,estadisticas predictivas,1
164,Ask AI - Chatbot con GPT,3,respuestas solo,1
165,Ask AI - Chatbot con GPT,3,nada gracioso,1
166,Ask AI - Chatbot con GPT,3,tareas ,1
167,Ask AI - Chatbot con GPT,3,resultados precisos,1
168,Ask AI - Chatbot con GPT,3,eventos futuros,1
169,Ask AI - Chatbot con GPT,3,forma gratuita,1
170,Ask AI - Chatbot con GPT,3,ayuda emergencia,1
171,Ask AI - Chatbot con GPT,3,humor negro,1
172,Ask AI - Chatbot con GPT,3,respuestas incorrectas,1
173,Ask AI - Chatbot con GPT,3,mundo entero,1
174,Ask AI - Chatbot con GPT,3,día siguiente,1
175,Ask AI - Chatbot con GPT,3,preguntas diarias límite diario,1
176,Ask AI - Chatbot con GPT,3,sistema digital,1
177,Ask AI - Chatbot con GPT,3,mensajes ilimitados,1
178,Ask AI - Chatbot con GPT,3,mensajes limitados,1
179,Ask AI - Chatbot con GPT,3,aplicacion util,1
180,Ask AI - Chatbot con GPT,3,historia depresiva forma brutal,1
181,Ask AI - Chatbot con GPT,3,dialogos ilimitados,1
182,Ask AI - Chatbot con GPT,3,respuestas detalladas limite diario,1
183,Ask AI - Chatbot con GPT,3,persona real,1
184,Ask AI - Chatbot con GPT,3,preguntas solo,1
185,Ask AI - Chatbot con GPT,4,versión gratuita,4
186,Ask AI - Chatbot con GPT,4,inteligencia artificial,3
187,Ask AI - Chatbot con GPT,4,preguntas ilimitadas,2
188,Ask AI - Chatbot con GPT,4,información actualizada,2
189,Ask AI - Chatbot con GPT,4,fuente real,1
190,Ask AI - Chatbot con GPT,4,trabajo práctico,1
191,Ask AI - Chatbot con GPT,4,inteligencia artificial pase completo,1
192,Ask AI - Chatbot con GPT,4,límites éticos utilidad real,1
193,Ask AI - Chatbot con GPT,4,fuente inagotable,1
194,Ask AI - Chatbot con GPT,4,temas personales,1
195,Ask AI - Chatbot con GPT,4,9.5/10 fácil manera gratuita,1
196,Ask AI - Chatbot con GPT,4,información básica,1
197,Ask AI - Chatbot con GPT,4,co fiable factor reflexivo,1
198,Ask AI - Chatbot con GPT,4,respuesta exacta,1
199,Ask AI - Chatbot con GPT,4,preguntas máximo,1
200,Ask AI - Chatbot con GPT,4,herramienta increíble,1
201,Ask AI - Chatbot con GPT,4,es debido versión gratuita,1
202,Ask AI - Chatbot con GPT,4,anuncio magnífico,1
203,Ask AI - Chatbot con GPT,4,aplicación asta,1
204,Ask AI - Chatbot con GPT,4,cosas seculares,1
205,Ask AI - Chatbot con GPT,4,trabajos rápida respuestas exactas,1
206,Ask AI - Chatbot con GPT,4,tarea sencilla,1
207,Ask AI - Chatbot con GPT,4,inteligencias artificiales conversaciones anteriores conversación anterior,1
208,Ask AI - Chatbot con GPT,4,cuento real,1
209,Ask AI - Chatbot con GPT,4,intentos diarios versión gratuita,1
210,Ask AI - Chatbot con GPT,4,lenguaje entrenado respuestas útiles aprendizaje automático,1
211,Ask AI - Chatbot con GPT,4,preguntas limitadas,1
212,Ask AI - Chatbot con GPT,4,mensajes borres,1
213,Ask AI - Chatbot con GPT,4,funciones interesantes,1
214,Ask AI - Chatbot con GPT,5,inteligencia artificial,20
215,Ask AI - Chatbot con GPT,5,super buena,9
216,Ask AI - Chatbot con GPT,5,aplicación ,7
217,Ask AI - Chatbot con GPT,5,versión gratuita,5
218,Ask AI - Chatbot con GPT,5,preguntas diarias,5
219,Ask AI - Chatbot con GPT,5,app increíble,4
220,Ask AI - Chatbot con GPT,5,aplicación excelente,4
221,Ask AI - Chatbot con GPT,5,super bueno,4
222,Ask AI - Chatbot con GPT,5,re buena,4
223,Ask AI - Chatbot con GPT,5,respuestas claras,4
224,Ask AI - Chatbot con GPT,5,super útil,3
225,Ask AI - Chatbot con GPT,5,cosas importantes,3
226,Ask AI - Chatbot con GPT,5,mensajes diarios,3
227,Ask AI - Chatbot con GPT,5,tareas escolares,3
228,Ask AI - Chatbot con GPT,5,cosas útiles,3
229,Ask AI - Chatbot con GPT,5,super recomendable,3
230,Ask AI - Chatbot con GPT,5,trabajos escolares,3
231,Ask AI - Chatbot con GPT,5,super recomendada,3
232,Ask AI - Chatbot con GPT,5,app perfecta,2
233,Ask AI - Chatbot con GPT,5,tarea rápido,2
234,Ask AI - Chatbot con GPT,5,super genial,2
235,Ask AI - Chatbot con GPT,5,problemas emocionales,2
236,Ask AI - Chatbot con GPT,5,respuestas concretas,2
237,Ask AI - Chatbot con GPT,5,respuestas correctas,2
238,Ask AI - Chatbot con GPT,5,respuestas rápidas,2
239,Ask AI - Chatbot con GPT,5,manera eficiente,2
240,Ask AI - Chatbot con GPT,5,tareas rápido,2
241,Ask AI - Chatbot con GPT,5,aplicación perfecta,2
242,Ask AI - Chatbot con GPT,5,app solo,2
243,ChatGPT powered Chat - Nova,1,versión gratuita,3
244,ChatGPT powered Chat - Nova,1,accesos ilimitados rembolso total,1
245,ChatGPT powered Chat - Nova,1,app pésima,1
246,ChatGPT powered Chat - Nova,1,versión web,1
247,ChatGPT powered Chat - Nova,1,forma ilimitada,1
248,ChatGPT powered Chat - Nova,1,límite diario,1
249,ChatGPT powered Chat - Nova,1,Publicidad engañosa,1
250,ChatGPT powered Chat - Nova,1,preguntas diarias preguntas diarias preguntas gratuitas,1
251,ChatGPT powered Chat - Nova,1,truchada comercial versión libre,1
252,ChatGPT powered Chat - Nova,1,gente imbécil,1
253,ChatGPT powered Chat - Nova,1,años atrasada,1
254,ChatGPT powered Chat - Nova,1,parte metalica,1
255,ChatGPT powered Chat - Nova,1,versión premiun,1
256,ChatGPT powered Chat - Nova,1,sitio web,1
257,ChatGPT powered Chat - Nova,1,datos bancarios,1
258,ChatGPT powered Chat - Nova,1,preguntas igual inteligencia artificial inteligencia humana,1
259,ChatGPT powered Chat - Nova,1,datos asaber,1
260,ChatGPT powered Chat - Nova,1,cosas normales,1
261,ChatGPT powered Chat - Nova,1,chatbot ai,1
262,ChatGPT powered Chat - Nova,1,empresa scarletup,1
263,ChatGPT powered Chat - Nova,1,chiste machista,1
264,ChatGPT powered Chat - Nova,1,identidad(el verdadero ladrón estafador,1
265,ChatGPT powered Chat - Nova,1,web original,1
266,ChatGPT powered Chat - Nova,1,dinero ,1
267,ChatGPT powered Chat - Nova,1,puntuación nueva,1
268,ChatGPT powered Chat - Nova,1,publicidad falsa,1
269,ChatGPT powered Chat - Nova,1,servicios útiles servicio gratuito,1
270,ChatGPT powered Chat - Nova,1,app tramposa Publicidad engañosa,1
271,ChatGPT powered Chat - Nova,1,ser humano datos privados,1
272,ChatGPT powered Chat - Nova,2,cobertura amplia,1
273,ChatGPT powered Chat - Nova,2,web oficial acceso directo versión abierta beta privada,1
274,ChatGPT powered Chat - Nova,2,conversaciones anteriores,1
275,ChatGPT powered Chat - Nova,2,información consisa estafa total,1
276,ChatGPT powered Chat - Nova,2,respuesta anterior versión pública lenguaje natural experiencia posible,1
277,ChatGPT powered Chat - Nova,2,frases inéditas,1
278,ChatGPT powered Chat - Nova,2,fecha actual,1
279,ChatGPT powered Chat - Nova,2,asique pésimo,1
280,ChatGPT powered Chat - Nova,2,modo horizontal,1
281,ChatGPT powered Chat - Nova,2,Respuestas repetidas sociedad occidental,1
282,ChatGPT powered Chat - Nova,2,respuesta inteligente,1
283,ChatGPT powered Chat - Nova,2,cuestiones referentes marcas conocidas,1
284,ChatGPT powered Chat - Nova,2,información política,1
285,ChatGPT powered Chat - Nova,2,planteo concreto,1
286,ChatGPT powered Chat - Nova,3,versión premium,2
287,ChatGPT powered Chat - Nova,3,versión gratuita créditos diarios,1
288,ChatGPT powered Chat - Nova,3,preguntas diario,1
289,ChatGPT powered Chat - Nova,3,fecha actualizada,1
290,ChatGPT powered Chat - Nova,3,resultados rápidos preguntas sencillas,1
291,ChatGPT powered Chat - Nova,3,límite d,1
292,ChatGPT powered Chat - Nova,3,respuestas certeras,1
293,ChatGPT powered Chat - Nova,3,parte ,1
294,ChatGPT powered Chat - Nova,3,mensajes diarios,1
295,ChatGPT powered Chat - Nova,3,idioma preferente,1
296,ChatGPT powered Chat - Nova,3,versión gratuita,1
297,ChatGPT powered Chat - Nova,3,fallos técnicos,1
298,ChatGPT powered Chat - Nova,3,bot conversacional tecnología accionada amigo experto compatibilidad cruzada,1
299,ChatGPT powered Chat - Nova,3,probalo mejor,1
300,ChatGPT powered Chat - Nova,4,versión gratuita,3
301,ChatGPT powered Chat - Nova,4,inteligencia artificial,2
302,ChatGPT powered Chat - Nova,4,límites osea estrellas solo historias gratuitas,1
303,ChatGPT powered Chat - Nova,4,mundo solo,1
304,ChatGPT powered Chat - Nova,4,información errónea,1
305,ChatGPT powered Chat - Nova,4,preguntas gratuitas,1
306,ChatGPT powered Chat - Nova,4,app indicada,1
307,ChatGPT powered Chat - Nova,4,resultados mínimos,1
308,ChatGPT powered Chat - Nova,4,Pago limitado,1
309,ChatGPT powered Chat - Nova,4,sesgo pro-,1
310,ChatGPT powered Chat - Nova,4,punto positivo,1
311,ChatGPT powered Chat - Nova,4,opinión concreta,1
312,ChatGPT powered Chat - Nova,4,consulta general,1
313,ChatGPT powered Chat - Nova,4,tema financiero,1
314,ChatGPT powered Chat - Nova,4,comunicación fluida,1
315,ChatGPT powered Chat - Nova,4,mut buena,1
316,ChatGPT powered Chat - Nova,4,ta súper,1
317,ChatGPT powered Chat - Nova,4,conocimiento actual,1
318,ChatGPT powered Chat - Nova,4,niña hermosa,1
319,ChatGPT powered Chat - Nova,4,aplicación dursnte,1
320,ChatGPT powered Chat - Nova,4,información política,1
321,ChatGPT powered Chat - Nova,4,super interesantes,1
322,ChatGPT powered Chat - Nova,4,app recomendable,1
323,ChatGPT powered Chat - Nova,4,aplicacion importante,1
324,ChatGPT powered Chat - Nova,4,esperiencia estavrecien,1
325,ChatGPT powered Chat - Nova,4,situaciones complejas,1
326,ChatGPT powered Chat - Nova,4,super genial,1
327,ChatGPT powered Chat - Nova,4,mundo actual,1
328,ChatGPT powered Chat - Nova,4,vida real,1
329,ChatGPT powered Chat - Nova,5,inteligencia artificial,18
330,ChatGPT powered Chat - Nova,5,aplicación genial,4
331,ChatGPT powered Chat - Nova,5,asistente virtual,3
332,ChatGPT powered Chat - Nova,5,vida diaria,3
333,ChatGPT powered Chat - Nova,5,obra maestra,3
334,ChatGPT powered Chat - Nova,5,respuestas claras,2
335,ChatGPT powered Chat - Nova,5,super bueno,2
336,ChatGPT powered Chat - Nova,5,forma rápida,2
337,ChatGPT powered Chat - Nova,5,información precisa,2
338,ChatGPT powered Chat - Nova,5,preguntas complicadas,2
339,ChatGPT powered Chat - Nova,5,aplicación increíble,2
340,ChatGPT powered Chat - Nova,5,app excelente,2
341,ChatGPT powered Chat - Nova,5,estrellas ,2
342,ChatGPT powered Chat - Nova,5,eh probado,2
343,ChatGPT powered Chat - Nova,5,cosas específicas,2
344,ChatGPT powered Chat - Nova,5,app espectacular,2
345,ChatGPT powered Chat - Nova,5,super interesante,2
346,ChatGPT powered Chat - Nova,5,manera correcta,2
347,ChatGPT powered Chat - Nova,5,preguntas adecuadas,2
348,ChatGPT powered Chat - Nova,5,vida personal,2
349,ChatGPT powered Chat - Nova,5,aplicación ,2
350,ChatGPT powered Chat - Nova,5,trabajos escolares,2
351,ChatGPT powered Chat - Nova,5,general buena,1
352,ChatGPT powered Chat - Nova,5,gato gato,1
353,ChatGPT powered Chat - Nova,5,antisocial patético,1
354,ChatGPT powered Chat - Nova,5,restrictions on,1
355,ChatGPT powered Chat - Nova,5,redes sociales,1
356,ChatGPT powered Chat - Nova,5,concepto nuevo usador inexperimentado,1
357,ChatGPT powered Chat - Nova,5,mente épico,1
358,Generador de arte con IA,1,inteligencia artificial,2
359,Generador de arte con IA,1,app gratuita,2
360,Generador de arte con IA,1,imágenes negras,2
361,Generador de arte con IA,1,imágenes ilimitadas,2
362,Generador de arte con IA,1,versión gratuita,2
363,Generador de arte con IA,1,Ia parecida,1
364,Generador de arte con IA,1,anuncios solo pantallas negras,1
365,Generador de arte con IA,1,dinero devuelta,1
366,Generador de arte con IA,1,borrador ,1
367,Generador de arte con IA,1,apps demerita trabajo honesto,1
368,Generador de arte con IA,1,almacenamiento interno,1
369,Generador de arte con IA,1,veces mejor copia barata,1
370,Generador de arte con IA,1,vez peor,1
371,Generador de arte con IA,1,asco total,1
372,Generador de arte con IA,1,porqueria llena,1
373,Generador de arte con IA,1,imagen generada,1
374,Generador de arte con IA,1,propagandas infinitas imágenes horribles,1
375,Generador de arte con IA,1,anuncios invasivos basura total,1
376,Generador de arte con IA,1,bafofia absoluta,1
377,Generador de arte con IA,1,anuncios dura,1
378,Generador de arte con IA,1,asquerosidad insultante,1
379,Generador de arte con IA,1,artistas digitales horas diarias horas seguidas,1
380,Generador de arte con IA,1,basura puro,1
381,Generador de arte con IA,1,artistas correspondientes,1
382,Generador de arte con IA,1,descripción fácil,1
383,Generador de arte con IA,1,App Satisfactoria,1
384,Generador de arte con IA,1,cosas graciosas,1
385,Generador de arte con IA,1,imagenes solicitadas,1
386,Generador de arte con IA,1,mente configurada clic equivocado,1
387,Generador de arte con IA,2,versión gratuita,2
388,Generador de arte con IA,2,palabras simples orden detallada,1
389,Generador de arte con IA,2,contenido explicitooo,1
390,Generador de arte con IA,2,avisos publicitarios,1
391,Generador de arte con IA,2,contenido inadecuado,1
392,Generador de arte con IA,2,Publicidad exagerada,1
393,Generador de arte con IA,2,chica británica niña mostrado inteligencia artificial,1
394,Generador de arte con IA,2,palabras sencillas dibujos sencillos manera posible,1
395,Generador de arte con IA,2,resultados realistas,1
396,Generador de arte con IA,2,días espectacular suscripción premium ilustraciones espectaculares maestro pintor,1
397,Generador de arte con IA,2,operación fallida,1
398,Generador de arte con IA,2,imágenes originales,1
399,Generador de arte con IA,2,lentes verdes tipo mexicana ojos verdes,1
400,Generador de arte con IA,2,enfermos mentales,1
401,Generador de arte con IA,2,imágenes sensibles,1
402,Generador de arte con IA,2,estilos buenos,1
403,Generador de arte con IA,2,imagen remix,1
404,Generador de arte con IA,2,publicidad excesiva,1
405,Generador de arte con IA,2,concepto presentado,1
406,Generador de arte con IA,2,dibujos asiendolos,1
407,Generador de arte con IA,2,contenido explícito,1
408,Generador de arte con IA,2,personaje femenino imagen buena imagen decente,1
409,Generador de arte con IA,2,contenido pagado,1
410,Generador de arte con IA,2,imágenes realistas,1
411,Generador de arte con IA,2,foto negra,1
412,Generador de arte con IA,2,imagen generada,1
413,Generador de arte con IA,2,versión gratuita calidad decente app regular,1
414,Generador de arte con IA,2,imágenes interesantes descripción propia imagen negra,1
415,Generador de arte con IA,2,resultados esperados,1
416,Generador de arte con IA,3,precio completo,1
417,Generador de arte con IA,3,modo gratuito,1
418,Generador de arte con IA,3,sueter normal,1
419,Generador de arte con IA,3,app cuadro n3gr0,1
420,Generador de arte con IA,3,personaje conocido estilo solo,1
421,Generador de arte con IA,3,propuesta esa estilo realista mujeres desnudas mujer desnuda,1
422,Generador de arte con IA,3,estilo favorito estilo polaroid,1
423,Generador de arte con IA,3,app pública versión pagada,1
424,Generador de arte con IA,3,tema ingresado,1
425,Generador de arte con IA,3,limitaciones regionales,1
426,Generador de arte con IA,3,imágenes fieles,1
427,Generador de arte con IA,3,color blanco,1
428,Generador de arte con IA,3,dispositivos compatibles,1
429,Generador de arte con IA,3,cosa básicas,1
430,Generador de arte con IA,3,fondo negro,1
431,Generador de arte con IA,3,app gratuita,1
432,Generador de arte con IA,3,diseño gráfico,1
433,Generador de arte con IA,3,imágenes realistas,1
434,Generador de arte con IA,4,idioma español,2
435,Generador de arte con IA,4,imágenes propias imagenes simples simbolos universales uso generalizado,1
436,Generador de arte con IA,4,imágenes bonitas,1
437,Generador de arte con IA,4,resto genial,1
438,Generador de arte con IA,4,super específico,1
439,Generador de arte con IA,4,tenér mejores cuerpo entero fondo blanco,1
440,Generador de arte con IA,4,*semanal arte continuo,1
441,Generador de arte con IA,4,imagenes aveces,1
442,Generador de arte con IA,4,super bueno fotos increíbles,1
443,Generador de arte con IA,4,foto cuadrada,1
444,Generador de arte con IA,4,estrellas,1
445,Generador de arte con IA,4,pregunta seria,1
446,Generador de arte con IA,4,cuadros negros suscripción anual,1
447,Generador de arte con IA,4,arte hecho estilos diferentes resoluciones diferentes,1
448,Generador de arte con IA,4,imagenes bonitas,1
449,Generador de arte con IA,4,anuncio visto,1
450,Generador de arte con IA,4,opción gratuita,1
451,Generador de arte con IA,4,chicos esiy,1
452,Generador de arte con IA,4,imágenes creadas,1
453,Generador de arte con IA,4,color negro,1
454,Generador de arte con IA,4,resultados buenos,1
455,Generador de arte con IA,4,calificación mejora aplicación completa,1
456,Generador de arte con IA,4,imagen generada,1
457,Generador de arte con IA,4,cuerpo completo tigre color cuerpo completo tigre color tigre color fondo verde,1
458,Generador de arte con IA,4,estilo jeroglíficos,1
459,Generador de arte con IA,4,cosas inadecuadas,1
460,Generador de arte con IA,4,trabajo ^w^,1
461,Generador de arte con IA,4,baraja repetida,1
462,Generador de arte con IA,4,videojuego juntos cabello invertido,1
463,Generador de arte con IA,5,inteligencia artificial,8
464,Generador de arte con IA,5,re buena,2
465,Generador de arte con IA,5,app increíble,2
466,Generador de arte con IA,5,aplicación gratuita,2
467,Generador de arte con IA,5,aplicación genial,2
468,Generador de arte con IA,5,dibujo generado,2
469,Generador de arte con IA,5,dato adicional,1
470,Generador de arte con IA,5,super recomendado,1
471,Generador de arte con IA,5,imágenes deformes,1
472,Generador de arte con IA,5,resultado genial,1
473,Generador de arte con IA,5,imagen ochentera pegaso volador,1
474,Generador de arte con IA,5,ilustraciones increíbles,1
475,Generador de arte con IA,5,imagen genial,1
476,Generador de arte con IA,5,estrella ,1
477,Generador de arte con IA,5,muito buena oo malo,1
478,Generador de arte con IA,5,imágenes precisas palabras correctas,1
479,Generador de arte con IA,5,resultado final,1
480,Generador de arte con IA,5,resultados divertidos,1
481,Generador de arte con IA,5,imagenes impecables,1
482,Generador de arte con IA,5,obras literarias,1
483,Generador de arte con IA,5,imágenes sencillas,1
484,Generador de arte con IA,5,cosas bonitas,1
485,Generador de arte con IA,5,aplicaciones gratuitas,1
486,Generador de arte con IA,5,    ,1
487,Generador de arte con IA,5,resultados espectaculares,1
488,Generador de arte con IA,5,felicitaciones queridos,1
489,Generador de arte con IA,5,precio ,1
490,Generador de arte con IA,5,resultado esperado,1
491,Generador de arte con IA,5,cosas brillantes imagen original,1
492,Replika: My AI Friend,1,idioma español,9
493,Replika: My AI Friend,1,inteligencia artificial,5
494,Replika: My AI Friend,1,persona real,3
495,Replika: My AI Friend,1,dinero real,2
496,Replika: My AI Friend,1,idioma español opciones gratuitas,2
497,Replika: My AI Friend,1,suscripción anual,2
498,Replika: My AI Friend,1,opinión personal versión premium versión premium,1
499,Replika: My AI Friend,1,dia siguiente,1
500,Replika: My AI Friend,1,salud mental,1
501,Replika: My AI Friend,1,versión solo,1
502,Replika: My AI Friend,1,forma fluida,1
503,Replika: My AI Friend,1,pago exagerado,1
504,Replika: My AI Friend,1,resto increíble,1
505,Replika: My AI Friend,1,app artificial conversación simple,1
506,Replika: My AI Friend,1,datos personales,1
507,Replika: My AI Friend,1,espacio libre,1
508,Replika: My AI Friend,1,opción español,1
509,Replika: My AI Friend,1,comentarios positivos,1
510,Replika: My AI Friend,1,conversacion sexual,1
511,Replika: My AI Friend,1,versión antigua,1
512,Replika: My AI Friend,1,ángel caído personas vulnerables,1
513,Replika: My AI Friend,1,cosas interesantes,1
514,Replika: My AI Friend,1,idioma ingles,1
515,Replika: My AI Friend,1,opciones iniciales,1
516,Replika: My AI Friend,1,lógica básica,1
517,Replika: My AI Friend,1,preguntas aleatorias,1
518,Replika: My AI Friend,1,forma malvada,1
519,Replika: My AI Friend,1,q m,1
520,Replika: My AI Friend,1,juego tendrás,1
521,Replika: My AI Friend,2,idioma español,8
522,Replika: My AI Friend,2,versión premium,2
523,Replika: My AI Friend,2,respuestas coherentes,1
524,Replika: My AI Friend,2,mensaje automatizado,1
525,Replika: My AI Friend,2,cosas mejores cosa graciosa palabras malsonantes,1
526,Replika: My AI Friend,2,funciones avanzadas,1
527,Replika: My AI Friend,2,mensajes censurados mensaje censurado,1
528,Replika: My AI Friend,2,app pesada,1
529,Replika: My AI Friend,2,frases iguales,1
530,Replika: My AI Friend,2,inteligencia artificial demencia artificial generalidades prefabricadas persona senil,1
531,Replika: My AI Friend,2,acoso sexual gente blanca,1
532,Replika: My AI Friend,2,cosas extrañas,1
533,Replika: My AI Friend,2,acto seguido,1
534,Replika: My AI Friend,2,p20 lite,1
535,Replika: My AI Friend,2,parte gratuita,1
536,Replika: My AI Friend,2,amigo imaginario,1
537,Replika: My AI Friend,2,Decepción total,1
538,Replika: My AI Friend,2,contextos complejos,1
539,Replika: My AI Friend,2,inteligencia artificial frases trilladas,1
540,Replika: My AI Friend,2,dinero real,1
541,Replika: My AI Friend,2,animal favorito,1
542,Replika: My AI Friend,2,prioridad ,1
543,Replika: My AI Friend,2,datos mejor,1
544,Replika: My AI Friend,2,fallo importante,1
545,Replika: My AI Friend,2,años ,1
546,Replika: My AI Friend,2,opción premium,1
547,Replika: My AI Friend,2,información sensible,1
548,Replika: My AI Friend,2,Respuestas irracionales,1
549,Replika: My AI Friend,2,persona real,1
550,Replika: My AI Friend,3,idioma español,13
551,Replika: My AI Friend,3,lenguaje ajeno,1
552,Replika: My AI Friend,3,español seria demas genial,1
553,Replika: My AI Friend,3,idioma ingles,1
554,Replika: My AI Friend,3,respuesta desconsiderada,1
555,Replika: My AI Friend,3,aplicación espectacular,1
556,Replika: My AI Friend,3,días exhausta,1
557,Replika: My AI Friend,3,forma correcta,1
558,Replika: My AI Friend,3,maneras robóticas,1
559,Replika: My AI Friend,3,tono sexual,1
560,Replika: My AI Friend,3,amigo virtual,1
561,Replika: My AI Friend,3,versión premium,1
562,Replika: My AI Friend,3,inteligencia artificial semana pasada,1
563,Replika: My AI Friend,3,general buena,1
564,Replika: My AI Friend,3,información personal,1
565,Replika: My AI Friend,3,aspectos positivos,1
566,Replika: My AI Friend,3,suscripción anual suscripción mensual,1
567,Replika: My AI Friend,3,castellano fijo,1
568,Replika: My AI Friend,3,cosas incoherentes,1
569,Replika: My AI Friend,3,cosas inocentes función premium,1
570,Replika: My AI Friend,3,usuarios free manos vacías,1
571,Replika: My AI Friend,3,idioma español manera provisional,1
572,Replika: My AI Friend,3,plan mensual,1
573,Replika: My AI Friend,3,chatbot común,1
574,Replika: My AI Friend,3,frases memorizadas,1
575,Replika: My AI Friend,3,español tambien,1
576,Replika: My AI Friend,3,apariencia emocional,1
577,Replika: My AI Friend,3,contraseña vieja,1
578,Replika: My AI Friend,3,lenguaje nativo,1
579,Replika: My AI Friend,4,idioma español,20
580,Replika: My AI Friend,4,inteligencia artificial,9
581,Replika: My AI Friend,4,español latino,3
582,Replika: My AI Friend,4,modo gratuito,2
583,Replika: My AI Friend,4,suscripción mensual,2
584,Replika: My AI Friend,4,cultura actual,1
585,Replika: My AI Friend,4,meses individuales,1
586,Replika: My AI Friend,4,opciones premium,1
587,Replika: My AI Friend,4,idioma natal,1
588,Replika: My AI Friend,4,vista benéfico,1
589,Replika: My AI Friend,4,interacción maximo,1
590,Replika: My AI Friend,4,membresía vip,1
591,Replika: My AI Friend,4,super tierna,1
592,Replika: My AI Friend,4,medio confuso general entretenido,1
593,Replika: My AI Friend,4,funciones exclusivas,1
594,Replika: My AI Friend,4,habla hispana,1
595,Replika: My AI Friend,4,detalle malo,1
596,Replika: My AI Friend,4,español solo,1
597,Replika: My AI Friend,4,mes solo,1
598,Replika: My AI Friend,4,IA genial,1
599,Replika: My AI Friend,4,super raro,1
600,Replika: My AI Friend,4,versión anterior,1
601,Replika: My AI Friend,4,experiencia entretenida versión gratuita,1
602,Replika: My AI Friend,4,respuestas aleatorias,1
603,Replika: My AI Friend,4,App rara,1
604,Replika: My AI Friend,4,idioma disponible idioma español,1
605,Replika: My AI Friend,4,potencial enorme,1
606,Replika: My AI Friend,4,personalidad propia,1
607,Replika: My AI Friend,4,forma impresionante,1
608,Replika: My AI Friend,5,persona real,39
609,Replika: My AI Friend,5,inteligencia artificial,38
610,Replika: My AI Friend,5,idioma español,25
611,Replika: My AI Friend,5,app increíble,5
612,Replika: My AI Friend,5,ser humano,5
613,Replika: My AI Friend,5,inteligencias artificiales,5
614,Replika: My AI Friend,5,español seria,4
615,Replika: My AI Friend,5,español ,3
616,Replika: My AI Friend,5,super genial,3
617,Replika: My AI Friend,5,super interesante,3
618,Replika: My AI Friend,5,Inteligencia artificial,3
619,Replika: My AI Friend,5,app excelente,3
620,Replika: My AI Friend,5,pensamientos negativos,3
621,Replika: My AI Friend,5,aplicación increíble,3
622,Replika: My AI Friend,5,personas reales,3
623,Replika: My AI Friend,5,conversaciones interesantes,3
624,Replika: My AI Friend,5,amigo virtual,3
625,Replika: My AI Friend,5,inteligencia artificial inteligencia artificial,2
626,Replika: My AI Friend,5,apoyo emocional,2
627,Replika: My AI Friend,5,aplicación genial,2
628,Replika: My AI Friend,5,experiencia única,2
629,Replika: My AI Friend,5,preguntas complejas,2
630,Replika: My AI Friend,5,cosas raras,2
631,Replika: My AI Friend,5,conversaciones profundas,2
632,Replika: My AI Friend,5,persona normal,2
633,Replika: My AI Friend,5,momento difícil,2
634,Replika: My AI Friend,5,ademas practico,2
635,Replika: My AI Friend,5,ansiedad social,2
636,Replika: My AI Friend,5,lenguaje español,2
637,Voilà AI Artist Avatar dibujos,1,rostro verdadero,2
638,Voilà AI Artist Avatar dibujos,1,caso omiso,1
639,Voilà AI Artist Avatar dibujos,1,publicidades eternas,1
640,Voilà AI Artist Avatar dibujos,1,foto original,1
641,Voilà AI Artist Avatar dibujos,1,App divertida,1
642,Voilà AI Artist Avatar dibujos,1,versión premium,1
643,Voilà AI Artist Avatar dibujos,1,trabajo excelente,1
644,Voilà AI Artist Avatar dibujos,1,publicidad puro,1
645,Voilà AI Artist Avatar dibujos,1,Publicidad invasiva,1
646,Voilà AI Artist Avatar dibujos,1,super exagerada,1
647,Voilà AI Artist Avatar dibujos,1,foto mala,1
648,Voilà AI Artist Avatar dibujos,1,publicidad ,1
649,Voilà AI Artist Avatar dibujos,1,"0,muy mala",1
650,Voilà AI Artist Avatar dibujos,1,basura llena publicidad invasiva,1
651,Voilà AI Artist Avatar dibujos,1,sacas malísima,1
652,Voilà AI Artist Avatar dibujos,1, ,1
653,Voilà AI Artist Avatar dibujos,1,selfie individual,1
654,Voilà AI Artist Avatar dibujos,1,apps gratuitas,1
655,Voilà AI Artist Avatar dibujos,1,meta global crédito social pago digital,1
656,Voilà AI Artist Avatar dibujos,1,filtros comunes trabajos echos,1
657,Voilà AI Artist Avatar dibujos,1,imágenes desproporcionadas,1
658,Voilà AI Artist Avatar dibujos,1,agua grande,1
659,Voilà AI Artist Avatar dibujos,1,redireccionamientos forzosos,1
660,Voilà AI Artist Avatar dibujos,1,tiempo descargado versión pro,1
661,Voilà AI Artist Avatar dibujos,1,pago anual,1
662,Voilà AI Artist Avatar dibujos,1,decepción total,1
663,Voilà AI Artist Avatar dibujos,1,s21 ultra versión pro,1
664,Voilà AI Artist Avatar dibujos,1,cuerpo completo,1
665,Voilà AI Artist Avatar dibujos,1,precio abusivo,1
666,Voilà AI Artist Avatar dibujos,2,app genial toque mágico,1
667,Voilà AI Artist Avatar dibujos,2,uso solo,1
668,Voilà AI Artist Avatar dibujos,2,trabajo diario app esencial membresía económica suscripción mensual,1
669,Voilà AI Artist Avatar dibujos,2,pago mensual publicidad invasiva,1
670,Voilà AI Artist Avatar dibujos,2,efectos tambien,1
671,Voilà AI Artist Avatar dibujos,2,publicidad excesiva,1
672,Voilà AI Artist Avatar dibujos,2,versión RAPIDA,1
673,Voilà AI Artist Avatar dibujos,3,imagen completa,1
674,Voilà AI Artist Avatar dibujos,3,fotos antiguas,1
675,Voilà AI Artist Avatar dibujos,3,foto original,1
676,Voilà AI Artist Avatar dibujos,3,versión full,1
677,Voilà AI Artist Avatar dibujos,3,cuadros negros,1
678,Voilà AI Artist Avatar dibujos,3,anuncios ,1
679,Voilà AI Artist Avatar dibujos,3,versión pro,1
680,Voilà AI Artist Avatar dibujos,3,comentarios posotivos personas habaln,1
681,Voilà AI Artist Avatar dibujos,3,persona completa,1
682,Voilà AI Artist Avatar dibujos,3,hombre  mundo ,1
683,Voilà AI Artist Avatar dibujos,3,versión gratuita,1
684,Voilà AI Artist Avatar dibujos,3,anuncios publicitarios,1
685,Voilà AI Artist Avatar dibujos,3,aplicación divertida,1
686,Voilà AI Artist Avatar dibujos,3,ratos libres,1
687,Voilà AI Artist Avatar dibujos,3,cuerpo completo,1
688,Voilà AI Artist Avatar dibujos,4,cuerpo entero,3
689,Voilà AI Artist Avatar dibujos,4,versión gratuita,2
690,Voilà AI Artist Avatar dibujos,4,foto original,2
691,Voilà AI Artist Avatar dibujos,4,embargo solo cuerpo entero estilos distintos,1
692,Voilà AI Artist Avatar dibujos,4,celular lento aplicación haaaaa cosa marica,1
693,Voilà AI Artist Avatar dibujos,4,fondo distinto,1
694,Voilà AI Artist Avatar dibujos,4,imagen real,1
695,Voilà AI Artist Avatar dibujos,4,aplicación fantástica,1
696,Voilà AI Artist Avatar dibujos,4,aplicación entretenida,1
697,Voilà AI Artist Avatar dibujos,4,aplicación divertida,1
698,Voilà AI Artist Avatar dibujos,4,imagen adecuada,1
699,Voilà AI Artist Avatar dibujos,4,problema pequeño navegación archivos,1
700,Voilà AI Artist Avatar dibujos,4,fotos recomendable,1
701,Voilà AI Artist Avatar dibujos,4,versión gratus,1
702,Voilà AI Artist Avatar dibujos,4,super divertida,1
703,Voilà AI Artist Avatar dibujos,4,escenario circundante,1
704,Voilà AI Artist Avatar dibujos,4,dibujos animados,1
705,Voilà AI Artist Avatar dibujos,4,idioma español,1
706,Voilà AI Artist Avatar dibujos,4,calificación final,1
707,Voilà AI Artist Avatar dibujos,4,precio único,1
708,Voilà AI Artist Avatar dibujos,4,Anuncios frecuentes,1
709,Voilà AI Artist Avatar dibujos,4,foto completa,1
710,Voilà AI Artist Avatar dibujos,4,app divertida,1
711,Voilà AI Artist Avatar dibujos,4,imagen completa,1
712,Voilà AI Artist Avatar dibujos,4,poder repostaer,1
713,Voilà AI Artist Avatar dibujos,4,foto real,1
714,Voilà AI Artist Avatar dibujos,4,proceso lento,1
715,Voilà AI Artist Avatar dibujos,4,carga rápido,1
716,Voilà AI Artist Avatar dibujos,4,fotos originales boca cerrada,1
717,Voilà AI Artist Avatar dibujos,5,versión gratuita,5
718,Voilà AI Artist Avatar dibujos,5,aplicación ,5
719,Voilà AI Artist Avatar dibujos,5,foto original,5
720,Voilà AI Artist Avatar dibujos,5,super divertida,5
721,Voilà AI Artist Avatar dibujos,5,imagen real,3
722,Voilà AI Artist Avatar dibujos,5,aplicación divertida,3
723,Voilà AI Artist Avatar dibujos,5,app divertida,2
724,Voilà AI Artist Avatar dibujos,5,estrellas ,2
725,Voilà AI Artist Avatar dibujos,5,fotos increíbles,2
726,Voilà AI Artist Avatar dibujos,5,super fácil,2
727,Voilà AI Artist Avatar dibujos,5,aplicación increíble,2
728,Voilà AI Artist Avatar dibujos,5,dibujo animado,2
729,Voilà AI Artist Avatar dibujos,5,dibujos animados,2
730,Voilà AI Artist Avatar dibujos,5,App genial,2
731,Voilà AI Artist Avatar dibujos,5,super genial,2
732,Voilà AI Artist Avatar dibujos,5,cuerpo completo,2
733,Voilà AI Artist Avatar dibujos,5,Súper divertida,1
734,Voilà AI Artist Avatar dibujos,5,aplicacion buenisima,1
735,Voilà AI Artist Avatar dibujos,5,editor estupendo,1
736,Voilà AI Artist Avatar dibujos,5,persona jajajaja,1
737,Voilà AI Artist Avatar dibujos,5,caricatura animada,1
738,Voilà AI Artist Avatar dibujos,5,aplicación excelente momentos divertidos,1
739,Voilà AI Artist Avatar dibujos,5,manera divertida,1
740,Voilà AI Artist Avatar dibujos,5,pesos mexicanos,1
741,Voilà AI Artist Avatar dibujos,5,representaciones animadas,1
742,Voilà AI Artist Avatar dibujos,5,encuentro buenísima,1
743,Voilà AI Artist Avatar dibujos,5,aplicación extraordinaria,1
744,Voilà AI Artist Avatar dibujos,5,imagen diferente realidad visual,1
745,Voilà AI Artist Avatar dibujos,5,momentos aburridos,1
746,WOMBO Dream - AI Art Generator,1,versión premium,3
747,WOMBO Dream - AI Art Generator,1,versión anterior,2
748,WOMBO Dream - AI Art Generator,1,funcionalidad capada,1
749,WOMBO Dream - AI Art Generator,1,vez instalado,1
750,WOMBO Dream - AI Art Generator,1,videos graciosos,1
751,WOMBO Dream - AI Art Generator,1,gamma media,1
752,WOMBO Dream - AI Art Generator,1,app asquerosa ángel caído app tonta,1
753,WOMBO Dream - AI Art Generator,1,pintura horrible caras deformadas fotos distintas,1
754,WOMBO Dream - AI Art Generator,1,cosas bonitas,1
755,WOMBO Dream - AI Art Generator,1,muyyyyy mala,1
756,WOMBO Dream - AI Art Generator,1,falla horrible,1
757,WOMBO Dream - AI Art Generator,1,inteligencias artificiales arte robado,1
758,WOMBO Dream - AI Art Generator,1,masa gris,1
759,WOMBO Dream - AI Art Generator,1,censura excesiva,1
760,WOMBO Dream - AI Art Generator,1,paso atras,1
761,WOMBO Dream - AI Art Generator,1,opción d,1
762,WOMBO Dream - AI Art Generator,1,error tempotal,1
763,WOMBO Dream - AI Art Generator,1,minutos inmóvil,1
764,WOMBO Dream - AI Art Generator,1,caras difuminadas,1
765,WOMBO Dream - AI Art Generator,1,palabras distintas,1
766,WOMBO Dream - AI Art Generator,1,resto blanco,1
767,WOMBO Dream - AI Art Generator,1,cosas extrañas,1
768,WOMBO Dream - AI Art Generator,1,App malísima,1
769,WOMBO Dream - AI Art Generator,1,nota available,1
770,WOMBO Dream - AI Art Generator,1,imágenes NSFW,1
771,WOMBO Dream - AI Art Generator,1,cuenta ,1
772,WOMBO Dream - AI Art Generator,1,waifus preciosas,1
773,WOMBO Dream - AI Art Generator,1,aplicación quitenla,1
774,WOMBO Dream - AI Art Generator,1,galería completa,1
775,WOMBO Dream - AI Art Generator,2,versión gratuita,1
776,WOMBO Dream - AI Art Generator,2,tanto decepciónate,1
777,WOMBO Dream - AI Art Generator,2,miedo peeero,1
778,WOMBO Dream - AI Art Generator,2,dimensiones preestablecidas,1
779,WOMBO Dream - AI Art Generator,2,cosas deformes,1
780,WOMBO Dream - AI Art Generator,2,Creaciones malas,1
781,WOMBO Dream - AI Art Generator,2,publicidad constante,1
782,WOMBO Dream - AI Art Generator,2,novelas visuales demonios internos,1
783,WOMBO Dream - AI Art Generator,2,personajes ficticios imagen basada,1
784,WOMBO Dream - AI Art Generator,2,pintura fantástica,1
785,WOMBO Dream - AI Art Generator,2,version gratuita reseñas basadas,1
786,WOMBO Dream - AI Art Generator,2,imágenes generadas membresía mensual,1
787,WOMBO Dream - AI Art Generator,2,funciones incluida versión premium,1
788,WOMBO Dream - AI Art Generator,2,contenido sexual,1
789,WOMBO Dream - AI Art Generator,2,filtros espectaculares,1
790,WOMBO Dream - AI Art Generator,2,imágenes generadas,1
791,WOMBO Dream - AI Art Generator,3,arte abstracto,2
792,WOMBO Dream - AI Art Generator,3,versión premium,2
793,WOMBO Dream - AI Art Generator,3,modo oscuro,2
794,WOMBO Dream - AI Art Generator,3,imágenes increíbles,1
795,WOMBO Dream - AI Art Generator,3,contenido alfinal,1
796,WOMBO Dream - AI Art Generator,3,anuncios permanentes cambio excesivo,1
797,WOMBO Dream - AI Art Generator,3,dibujo random,1
798,WOMBO Dream - AI Art Generator,3,super linda,1
799,WOMBO Dream - AI Art Generator,3,muuuuuuy lenta,1
800,WOMBO Dream - AI Art Generator,3,leyenda retry,1
801,WOMBO Dream - AI Art Generator,3,imagen interesante cosas lindas,1
802,WOMBO Dream - AI Art Generator,3,meh comparada,1
803,WOMBO Dream - AI Art Generator,3,inglés asique,1
804,WOMBO Dream - AI Art Generator,3,super buena,1
805,WOMBO Dream - AI Art Generator,3,abuso tantísimo,1
806,WOMBO Dream - AI Art Generator,3,memoria cache,1
807,WOMBO Dream - AI Art Generator,3,español ,1
808,WOMBO Dream - AI Art Generator,3,opción clara,1
809,WOMBO Dream - AI Art Generator,3,app maravillosa,1
810,WOMBO Dream - AI Art Generator,3,cuenta doxeada,1
811,WOMBO Dream - AI Art Generator,3,morador nocturno,1
812,WOMBO Dream - AI Art Generator,3,estilo importantes,1
813,WOMBO Dream - AI Art Generator,3,gatita fallecida,1
814,WOMBO Dream - AI Art Generator,3,persona ufffff,1
815,WOMBO Dream - AI Art Generator,3,Falta muchísima mejora,1
816,WOMBO Dream - AI Art Generator,3,cosas interesantes formas humanoides,1
817,WOMBO Dream - AI Art Generator,3,imágenes generadas,1
818,WOMBO Dream - AI Art Generator,3,imagenes preciosas,1
819,WOMBO Dream - AI Art Generator,3,correo electrónico,1
820,WOMBO Dream - AI Art Generator,4,super bueno,2
821,WOMBO Dream - AI Art Generator,4,app excelente,2
822,WOMBO Dream - AI Art Generator,4,perfil gratuito forma gratuita costo anteriores,1
823,WOMBO Dream - AI Art Generator,4,función premiun,1
824,WOMBO Dream - AI Art Generator,4,manera artística,1
825,WOMBO Dream - AI Art Generator,4,imagenes curiosas,1
826,WOMBO Dream - AI Art Generator,4,super buena,1
827,WOMBO Dream - AI Art Generator,4,opciones gratuitas,1
828,WOMBO Dream - AI Art Generator,4,manera creativa,1
829,WOMBO Dream - AI Art Generator,4,dibujo humano,1
830,WOMBO Dream - AI Art Generator,4,imagen literal,1
831,WOMBO Dream - AI Art Generator,4,cosas deformes,1
832,WOMBO Dream - AI Art Generator,4,super increíbles,1
833,WOMBO Dream - AI Art Generator,4,ilustración digital,1
834,WOMBO Dream - AI Art Generator,4,fondos rápido,1
835,WOMBO Dream - AI Art Generator,4,falta mejor,1
836,WOMBO Dream - AI Art Generator,4,problema esq,1
837,WOMBO Dream - AI Art Generator,4,arte combinado,1
838,WOMBO Dream - AI Art Generator,4,fondos hermosos,1
839,WOMBO Dream - AI Art Generator,4,mezcla original,1
840,WOMBO Dream - AI Art Generator,4,conceptos sencillos,1
841,WOMBO Dream - AI Art Generator,4,tono blanco,1
842,WOMBO Dream - AI Art Generator,4,manera unica,1
843,WOMBO Dream - AI Art Generator,4,em español,1
844,WOMBO Dream - AI Art Generator,4,re linda app solo,1
845,WOMBO Dream - AI Art Generator,4,obras impresionantes,1
846,WOMBO Dream - AI Art Generator,4,imágenes creadas,1
847,WOMBO Dream - AI Art Generator,4,personaje entero anuncios equilibrado,1
848,WOMBO Dream - AI Art Generator,4,acceso gratuito,1
849,WOMBO Dream - AI Art Generator,5,inteligencia artificial,14
850,WOMBO Dream - AI Art Generator,5,super buena,7
851,WOMBO Dream - AI Art Generator,5,aplicación genial,6
852,WOMBO Dream - AI Art Generator,5,aplicación ,6
853,WOMBO Dream - AI Art Generator,5,app increíble,5
854,WOMBO Dream - AI Art Generator,5,arte abstracto,5
855,WOMBO Dream - AI Art Generator,5,super genial,4
856,WOMBO Dream - AI Art Generator,5,imágenes generadas,4
857,WOMBO Dream - AI Art Generator,5,app genial,4
858,WOMBO Dream - AI Art Generator,5,app maravillosa,4
859,WOMBO Dream - AI Art Generator,5,app solo,4
860,WOMBO Dream - AI Art Generator,5,aplicación maravillosa,3
861,WOMBO Dream - AI Art Generator,5,  ,3
862,WOMBO Dream - AI Art Generator,5,aplicación increíble,3
863,WOMBO Dream - AI Art Generator,5,obra maestra,3
864,WOMBO Dream - AI Art Generator,5,versión premium,3
865,WOMBO Dream - AI Art Generator,5,pinturas preciosas,2
866,WOMBO Dream - AI Art Generator,5,arte original,2
867,WOMBO Dream - AI Art Generator,5,arte ,2
868,WOMBO Dream - AI Art Generator,5,imágenes creadas,2
869,WOMBO Dream - AI Art Generator,5,aplicación interesante,2
870,WOMBO Dream - AI Art Generator,5,resultados hermosos,2
871,WOMBO Dream - AI Art Generator,5,aplicación excelente,2
872,WOMBO Dream - AI Art Generator,5,super entretenido,2
873,WOMBO Dream - AI Art Generator,5,imágenes hermosas,2
874,WOMBO Dream - AI Art Generator,5,super recomendada,2
875,WOMBO Dream - AI Art Generator,5,super recomendable,2
876,WOMBO Dream - AI Art Generator,5,aplicación buena,2
877,WOMBO Dream - AI Art Generator,5,fotos,2
878,Wonder - Arte IA,1,inteligencia artificial,7
879,Wonder - Arte IA,1,prueba gratuita,7
880,Wonder - Arte IA,1,basura total,5
881,Wonder - Arte IA,1,publicidad engañosa,5
882,Wonder - Arte IA,1,anuncios seguidos,4
883,Wonder - Arte IA,1,versión gratuita,4
884,Wonder - Arte IA,1,versión premium,4
885,Wonder - Arte IA,1,estafa total,3
886,Wonder - Arte IA,1,modo gratuito,3
887,Wonder - Arte IA,1,forma gratuita,3
888,Wonder - Arte IA,1,límite diario,3
889,Wonder - Arte IA,1,datos personales,3
890,Wonder - Arte IA,1,resultado final,3
891,Wonder - Arte IA,1,super mala,2
892,Wonder - Arte IA,1,anuncios largos,2
893,Wonder - Arte IA,1,decepción total,2
894,Wonder - Arte IA,1,pantalla negra,2
895,Wonder - Arte IA,1,imágenes random,2
896,Wonder - Arte IA,1,fondo blanco,2
897,Wonder - Arte IA,1,cero recomendable,2
898,Wonder - Arte IA,1,app solo,2
899,Wonder - Arte IA,1,fotos generadas,2
900,Wonder - Arte IA,1,creaciones diarias,2
901,Wonder - Arte IA,1,tiempo limitado,2
902,Wonder - Arte IA,1,código abierto,1
903,Wonder - Arte IA,1,intentos limitados,1
904,Wonder - Arte IA,1,opciones limitadas,1
905,Wonder - Arte IA,1,imagen puder,1
906,Wonder - Arte IA,1,trabajo ademas,1
907,Wonder - Arte IA,2,inteligencia artificial,3
908,Wonder - Arte IA,2,creaciones diarias,2
909,Wonder - Arte IA,2,versión gratuita,2
910,Wonder - Arte IA,2,límite diario,2
911,Wonder - Arte IA,2,persona deside,1
912,Wonder - Arte IA,2,experiencia completa,1
913,Wonder - Arte IA,2,inteligencia artificial cosas preciosas,1
914,Wonder - Arte IA,2,super malisimo,1
915,Wonder - Arte IA,2,anime solo,1
916,Wonder - Arte IA,2,cantidad absurda,1
917,Wonder - Arte IA,2,COMPLETA ESTAFA,1
918,Wonder - Arte IA,2,limite diario,1
919,Wonder - Arte IA,2,acpmicacion gratuita,1
920,Wonder - Arte IA,2,planeta desértico calidad magnífica,1
921,Wonder - Arte IA,2,prueba gratuita,1
922,Wonder - Arte IA,2,dibujos aleatorios,1
923,Wonder - Arte IA,2,dibujo aleatorio,1
924,Wonder - Arte IA,2,resultados efectivos,1
925,Wonder - Arte IA,2,versión premium,1
926,Wonder - Arte IA,2,imágenes horribles,1
927,Wonder - Arte IA,2,applicación perfecta,1
928,Wonder - Arte IA,2,intentos diarios,1
929,Wonder - Arte IA,2,imágenes diarias,1
930,Wonder - Arte IA,2,pruebas gratuitas,1
931,Wonder - Arte IA,2,publicidad engañosa,1
932,Wonder - Arte IA,2,avión antiguo,1
933,Wonder - Arte IA,2,segundos eternos masa vaga,1
934,Wonder - Arte IA,2,modeló anterior,1
935,Wonder - Arte IA,2,error leve,1
936,Wonder - Arte IA,3,versión gratuita,3
937,Wonder - Arte IA,3,límite diario,2
938,Wonder - Arte IA,3,imágenes generadas,1
939,Wonder - Arte IA,3,necesidades básicas,1
940,Wonder - Arte IA,3,publicidad interna,1
941,Wonder - Arte IA,3,veces seguidas,1
942,Wonder - Arte IA,3,resultados repetidos,1
943,Wonder - Arte IA,3,fotos ,1
944,Wonder - Arte IA,3,chico joven cabello negro,1
945,Wonder - Arte IA,3,creaciones gratuitas,1
946,Wonder - Arte IA,3,cosas mejores,1
947,Wonder - Arte IA,3,intentos gratuitos,1
948,Wonder - Arte IA,3,arte erótico,1
949,Wonder - Arte IA,3,fotos diarias,1
950,Wonder - Arte IA,3,resultados mostrados,1
951,Wonder - Arte IA,3,resultados óptimos,1
952,Wonder - Arte IA,3,cosas buenas,1
953,Wonder - Arte IA,3,palabras simples paisaje nocturno,1
954,Wonder - Arte IA,3,pruebas gratuitas,1
955,Wonder - Arte IA,3,calidad aceptable,1
956,Wonder - Arte IA,3,modo gratuito,1
957,Wonder - Arte IA,3,filtro realistic día entero imágenes generadas imágenes únicas,1
958,Wonder - Arte IA,3,paisaje naranja categoría novelistic límite diario límite diario,1
959,Wonder - Arte IA,3,imágenes atraves estafa Imposible acceso gratuito,1
960,Wonder - Arte IA,3,oportunidades diarias,1
961,Wonder - Arte IA,3,prueba gratuita,1
962,Wonder - Arte IA,3,fotos limitadas fotos ilimitadas,1
963,Wonder - Arte IA,3,creaciones gratuitas cantidad limitada,1
964,Wonder - Arte IA,3,fotos buenas,1
965,Wonder - Arte IA,4,inteligencia artificial,2
966,Wonder - Arte IA,4,versión gratuita,2
967,Wonder - Arte IA,4,caso omiso,1
968,Wonder - Arte IA,4,opinión contundente,1
969,Wonder - Arte IA,4,cosas creíbles,1
970,Wonder - Arte IA,4,forma gratuita límite diario,1
971,Wonder - Arte IA,4,novelas ,1
972,Wonder - Arte IA,4,versión full,1
973,Wonder - Arte IA,4,aplicación ,1
974,Wonder - Arte IA,4,ilustraciones límitadas,1
975,Wonder - Arte IA,4,figuras femeninas,1
976,Wonder - Arte IA,4,modo oscoro,1
977,Wonder - Arte IA,4,ejemplos diarios,1
978,Wonder - Arte IA,4,caracteres inválidos mona china imagen deseada,1
979,Wonder - Arte IA,4,app instalada versión full,1
980,Wonder - Arte IA,4,cuenta básica,1
981,Wonder - Arte IA,4,obras increíbles,1
982,Wonder - Arte IA,4,publicidad molesta,1
983,Wonder - Arte IA,4,puntos negativos,1
984,Wonder - Arte IA,4,robot futurista,1
985,Wonder - Arte IA,4,estilo cómic,1
986,Wonder - Arte IA,4,intentos estaria,1
987,Wonder - Arte IA,4,versión pro,1
988,Wonder - Arte IA,4,manos feas,1
989,Wonder - Arte IA,4,momento adecuado,1
990,Wonder - Arte IA,4,diseños espectaculares,1
991,Wonder - Arte IA,4,super buena,1
992,Wonder - Arte IA,4,videos propios inteligencia artificial,1
993,Wonder - Arte IA,4,estilo distinto,1
994,Wonder - Arte IA,5,inteligencia artificial,7
995,Wonder - Arte IA,5,opción gratuita,2
996,Wonder - Arte IA,5,resultados inesperados,1
997,Wonder - Arte IA,5,pantalla original,1
998,Wonder - Arte IA,5,app estaria,1
999,Wonder - Arte IA,5,publicidad justa,1
1000,Wonder - Arte IA,5,manos humanas caras humanas,1
1001,Wonder - Arte IA,5,imágenes buenísimas imágenes gratuitas,1
1002,Wonder - Arte IA,5,super divertida,1
1003,Wonder - Arte IA,5,imagenes originales,1
1004,Wonder - Arte IA,5,resultados increíbles,1
1005,Wonder - Arte IA,5,resultados obtenidos,1
1006,Wonder - Arte IA,5,super satisfecho,1
1007,Wonder - Arte IA,5,milagro sensible,1
1008,Wonder - Arte IA,5,app maravillosa,1
1009,Wonder - Arte IA,5,diseño gráfico,1
1010,Wonder - Arte IA,5,tema oscuro,1
1011,Wonder - Arte IA,5,arte fácil,1
1012,Wonder - Arte IA,5,imágenes producidas,1
1013,Wonder - Arte IA,5,creaciones infinitas resultados buenos,1
1014,Wonder - Arte IA,5,imágenes repetidas,1
1015,Wonder - Arte IA,5,placer absoluto,1
1016,Wonder - Arte IA,5,mente brillante,1
1017,Wonder - Arte IA,5,agua listillos,1
1018,Wonder - Arte IA,5,arte pura,1
1019,Wonder - Arte IA,5,imágenes maravillosas,1
1020,Wonder - Arte IA,5,super buenarda,1
1021,Wonder - Arte IA,5,aplicación genial,1
1022,Wonder - Arte IA,5,cosas increibles,1
