,nombre_app,puntaje,bigramas_actividades,conteo
0,AI Dungeon,1,dice cosas hace caso,1
1,AI Dungeon,1,tienen respeto,1
2,AI Dungeon,1,resta puntos,1
3,AI Dungeon,1,darme vueltas,1
4,AI Dungeon,1,Necesito traduccion,1
5,AI Dungeon,1,HAY OTRAS GANAR DINERO,1
6,AI Dungeon,1,impedirlo asco,1
7,AI Dungeon,1,Vaya robo,1
8,AI Dungeon,1,poniendo limite,1
9,AI Dungeon,1,puse dinero,1
10,AI Dungeon,1,tiene demencia,1
11,AI Dungeon,1,poniendo censuras,1
12,AI Dungeon,1,usar energía,1
13,AI Dungeon,1,hace historias,1
14,AI Dungeon,1,dice cosas,1
15,AI Dungeon,1,ver anuncios,1
16,AI Dungeon,1,tengo palabras perdido calidad,1
17,AI Dungeon,1,espiar historias vale verga,1
18,AI Dungeon,1,cambiar idioma,1
19,AI Dungeon,1,tiene ideas,1
20,AI Dungeon,1,tienen acceso,1
21,AI Dungeon,1,iniciar sesión hacer acciones doy cuenta,1
22,AI Dungeon,1,pone error,1
23,AI Dungeon,1,pone negra,1
24,AI Dungeon,2,agregando cosas poner contexto confunde información agrega cosas tome control,1
25,AI Dungeon,2,tomar nota hace cosas obtener acciones,1
26,AI Dungeon,2,guardan relación,1
27,AI Dungeon,2,añade personajes,1
28,AI Dungeon,2,casa vez tienen potencial,1
29,AI Dungeon,2,mete giros,1
30,AI Dungeon,2,ver anuncios lanza error obtener acciones,1
31,AI Dungeon,2,hace falta,1
32,AI Dungeon,2,Hace falta,1
33,AI Dungeon,2,iniciar sesión,1
34,AI Dungeon,3,cambiar idioma,2
35,AI Dungeon,3,tengo problema,1
36,AI Dungeon,3,crea caminos,1
37,AI Dungeon,3,inventa cosas tienen sentido trae personajes,1
38,AI Dungeon,3,saca personajes,1
39,AI Dungeon,3,realizar historias colocan español,1
40,AI Dungeon,3,tiene sentido inventa cosas,1
41,AI Dungeon,3,iniciar sesión,1
42,AI Dungeon,3,salen cosas,1
43,AI Dungeon,3,tiene pinta,1
44,AI Dungeon,3,dice cosas saca personajes,1
45,AI Dungeon,3,tiene memoria,1
46,AI Dungeon,3,dice cosas,1
47,AI Dungeon,3,tuve hijos volví rey,1
48,AI Dungeon,4,crear historias,2
49,AI Dungeon,4,utilize unidades da medidas,1
50,AI Dungeon,4,dice cosas,1
51,AI Dungeon,4,quedan cosas,1
52,AI Dungeon,4,hacer correcciones,1
53,AI Dungeon,4,recordando detalles saca cosas,1
54,AI Dungeon,4,cargar despues,1
55,AI Dungeon,4,poner despues,1
56,AI Dungeon,4,crear imágenes,1
57,AI Dungeon,4,saber inglés,1
58,AI Dungeon,4,gustaria muchisimo ,1
59,AI Dungeon,4,tener android,1
60,AI Dungeon,4,añadir idiomas,1
61,AI Dungeon,4,haría usuario,1
62,AI Dungeon,4,saquen versión,1
63,AI Dungeon,4,dan ayuda,1
64,AI Dungeon,4,crear mundos,1
65,AI Dungeon,4,integren tecnologías,1
66,AI Dungeon,4,agregan cosas,1
67,AI Dungeon,4,falta desarrollo,1
68,AI Dungeon,4,di cuenta,1
69,AI Dungeon,4,toma desiciones olvida lugares,1
70,AI Dungeon,4,crear historias hacen falta,1
71,AI Dungeon,4,hace meses,1
72,AI Dungeon,4,crear aventuras,1
73,AI Dungeon,4,hace caso,1
74,AI Dungeon,4,usa verbos,1
75,AI Dungeon,4,ver anuncios,1
76,AI Dungeon,4,hablar ingles editar configuración crear entradas configurar palabras recuerde información crear personajes,1
77,AI Dungeon,5,sabes inglés,3
78,AI Dungeon,5,hace cosas,2
79,AI Dungeon,5,tiene ayuda,1
80,AI Dungeon,5,saben inglés,1
81,AI Dungeon,5,iniciar sesión,1
82,AI Dungeon,5,improvisar historias,1
83,AI Dungeon,5,tienes imaginación,1
84,AI Dungeon,5,mirando anuncios,1
85,AI Dungeon,5,disfrutar historias,1
86,AI Dungeon,5,poner idioma,1
87,AI Dungeon,5,recibir comandos,1
88,AI Dungeon,5,salen historias,1
89,AI Dungeon,5,hablan inglés,1
90,AI Dungeon,5,bloquean cuentas escriba cosas dar ban,1
91,AI Dungeon,5,saber inglés,1
92,AI Dungeon,5,tiene historias,1
93,AI Dungeon,5,crea historias hace historias,1
94,AI Dungeon,5,recuerda eventos,1
95,AI Dungeon,5,crear paradojas,1
96,AI Dungeon,5,dice cosas,1
97,AI Dungeon,5,generar historias,1
98,AI Dungeon,5,da continuidad,1
99,AI Dungeon,5,Vaya obra,1
100,AI Dungeon,5,encontre fallas inventar cosas,1
101,AI Dungeon,5,da momentos,1
102,AI Dungeon,5,creando historias,1
103,AI Dungeon,5,tuvo relaciones,1
104,AI Dungeon,5,tengo palabras,1
105,AI Dungeon,5,sepan inglés,1
106,Ask AI - Chatbot con GPT,1,teniendo problemas,2
107,Ask AI - Chatbot con GPT,1,pide dinero,2
108,Ask AI - Chatbot con GPT,1,da información,2
109,Ask AI - Chatbot con GPT,1,tener mensajes,2
110,Ask AI - Chatbot con GPT,1,pide pago,2
111,Ask AI - Chatbot con GPT,1,usar chat,2
112,Ask AI - Chatbot con GPT,1,ganar dinero,1
113,Ask AI - Chatbot con GPT,1,utiliza humor responde temas,1
114,Ask AI - Chatbot con GPT,1,pide reseña,1
115,Ask AI - Chatbot con GPT,1,tiene defectos,1
116,Ask AI - Chatbot con GPT,1,descarguen banda,1
117,Ask AI - Chatbot con GPT,1,venderla ,1
118,Ask AI - Chatbot con GPT,1,cobra ja,1
119,Ask AI - Chatbot con GPT,1,Tiene información,1
120,Ask AI - Chatbot con GPT,1,confunde personas,1
121,Ask AI - Chatbot con GPT,1,da respuesta da respuesta pregunté libros,1
122,Ask AI - Chatbot con GPT,1,vaya bazofia,1
123,Ask AI - Chatbot con GPT,1,dicen ,1
124,Ask AI - Chatbot con GPT,1,dar páginas,1
125,Ask AI - Chatbot con GPT,1,mandar mensaje,1
126,Ask AI - Chatbot con GPT,1,da info tenga espers,1
127,Ask AI - Chatbot con GPT,1,obtener respuestas,1
128,Ask AI - Chatbot con GPT,1,generar problemas sacarle dinero,1
129,Ask AI - Chatbot con GPT,1,usando chat,1
130,Ask AI - Chatbot con GPT,1,piden dinero,1
131,Ask AI - Chatbot con GPT,1,piden pasta,1
132,Ask AI - Chatbot con GPT,1,recaudar fondos,1
133,Ask AI - Chatbot con GPT,1,inventaba cosas decía cosas inventando cosas inventando cosas,1
134,Ask AI - Chatbot con GPT,1,Vaya asco,1
135,Ask AI - Chatbot con GPT,2,contiene escenas tenga limites tener restricciones,1
136,Ask AI - Chatbot con GPT,2,escribir ensayos comete errores,1
137,Ask AI - Chatbot con GPT,2,dio respuesta,1
138,Ask AI - Chatbot con GPT,2,da información,1
139,Ask AI - Chatbot con GPT,2,pedí información,1
140,Ask AI - Chatbot con GPT,2,tuviera limites,1
141,Ask AI - Chatbot con GPT,2,viendo plublicidad,1
142,Ask AI - Chatbot con GPT,2,tiene límite,1
143,Ask AI - Chatbot con GPT,2,encontremos cosas,1
144,Ask AI - Chatbot con GPT,2,divulgar información,1
145,Ask AI - Chatbot con GPT,2,tenemos dinero,1
146,Ask AI - Chatbot con GPT,2,hago preguntas,1
147,Ask AI - Chatbot con GPT,2,dejar almenos,1
148,Ask AI - Chatbot con GPT,2,tienes razón,1
149,Ask AI - Chatbot con GPT,2,hablar Aún,1
150,Ask AI - Chatbot con GPT,2,tiene extras,1
151,Ask AI - Chatbot con GPT,2,escribí peticiones teniendo experiencia dando información,1
152,Ask AI - Chatbot con GPT,2,incorporar publicidad,1
153,Ask AI - Chatbot con GPT,2,pagar q,1
154,Ask AI - Chatbot con GPT,3,hace meh,1
155,Ask AI - Chatbot con GPT,3,hacer preguntas,1
156,Ask AI - Chatbot con GPT,3,pagar despues,1
157,Ask AI - Chatbot con GPT,3,tenemos dinero,1
158,Ask AI - Chatbot con GPT,3,hacer consulta,1
159,Ask AI - Chatbot con GPT,3,salió campeona,1
160,Ask AI - Chatbot con GPT,3,usar preguntas,1
161,Ask AI - Chatbot con GPT,3,arrojaron respuestas,1
162,Ask AI - Chatbot con GPT,3,decir chistes,1
163,Ask AI - Chatbot con GPT,3,quieras poque,1
164,Ask AI - Chatbot con GPT,3,tiene conocimiento tienes informacion,1
165,Ask AI - Chatbot con GPT,3,funciona super,1
166,Ask AI - Chatbot con GPT,3,pagar cuotas,1
167,Ask AI - Chatbot con GPT,3,decía error,1
168,Ask AI - Chatbot con GPT,3,obtener estadisticas,1
169,Ask AI - Chatbot con GPT,3,agregar accesibilidad,1
170,Ask AI - Chatbot con GPT,3,poner límite,1
171,Ask AI - Chatbot con GPT,3,compartir texto,1
172,Ask AI - Chatbot con GPT,3,requieren cálculos presenta errores garantizar resultados involucren cálculos,1
173,Ask AI - Chatbot con GPT,3,quiere mensajes,1
174,Ask AI - Chatbot con GPT,3,aprender información tener diálogos,1
175,Ask AI - Chatbot con GPT,3,leer manustritos,1
176,Ask AI - Chatbot con GPT,3,dar respuestas,1
177,Ask AI - Chatbot con GPT,3,juntar dinero,1
178,Ask AI - Chatbot con GPT,3,tener chat,1
179,Ask AI - Chatbot con GPT,3,supiera curiosidades,1
180,Ask AI - Chatbot con GPT,3,tener acceso responder preguntas diga cosas,1
181,Ask AI - Chatbot con GPT,3,da ideas pierde objetividad indican gobiernos,1
182,Ask AI - Chatbot con GPT,3,da respuestas,1
183,Ask AI - Chatbot con GPT,4,da información,3
184,Ask AI - Chatbot con GPT,4,Buena app,2
185,Ask AI - Chatbot con GPT,4,gustando cambio,1
186,Ask AI - Chatbot con GPT,4,tener costo,1
187,Ask AI - Chatbot con GPT,4,recoger información,1
188,Ask AI - Chatbot con GPT,4,aparecen imagenes,1
189,Ask AI - Chatbot con GPT,4,pagando servicio,1
190,Ask AI - Chatbot con GPT,4,falta cámara,1
191,Ask AI - Chatbot con GPT,4,crear imagenes,1
192,Ask AI - Chatbot con GPT,4,ganar dinero,1
193,Ask AI - Chatbot con GPT,4,ejecutar acciones,1
194,Ask AI - Chatbot con GPT,4,vuelva premium,1
195,Ask AI - Chatbot con GPT,4,organizar ideas,1
196,Ask AI - Chatbot con GPT,4,enviar invitación da chance,1
197,Ask AI - Chatbot con GPT,4,poner ilustraciones,1
198,Ask AI - Chatbot con GPT,4,parece super,1
199,Ask AI - Chatbot con GPT,4,encanta ahorro,1
200,Ask AI - Chatbot con GPT,4,Da consejos,1
201,Ask AI - Chatbot con GPT,4,tengo acceso,1
202,Ask AI - Chatbot con GPT,4,tuvieran preguntas,1
203,Ask AI - Chatbot con GPT,4,tiene costo,1
204,Ask AI - Chatbot con GPT,4,dice error,1
205,Ask AI - Chatbot con GPT,4,metiendo funciones,1
206,Ask AI - Chatbot con GPT,4,responder preguntas generar texto brindar respuestas hacerlo gracias,1
207,Ask AI - Chatbot con GPT,4,falta imagenes ver tendria tiene videos,1
208,Ask AI - Chatbot con GPT,4,recordar conversaciones,1
209,Ask AI - Chatbot con GPT,4,dado problemas,1
210,Ask AI - Chatbot con GPT,4,hacer tareas,1
211,Ask AI - Chatbot con GPT,4,resolver dudas,1
212,Ask AI - Chatbot con GPT,5,hacer tareas,22
213,Ask AI - Chatbot con GPT,5,da respuestas,12
214,Ask AI - Chatbot con GPT,5,buscar información,6
215,Ask AI - Chatbot con GPT,5,hacer trabajos,4
216,Ask AI - Chatbot con GPT,5,brinda información,4
217,Ask AI - Chatbot con GPT,5,tiene respuestas,3
218,Ask AI - Chatbot con GPT,5,tengo palabras,3
219,Ask AI - Chatbot con GPT,5,tengo quejas,3
220,Ask AI - Chatbot con GPT,5,hacer resumenes,2
221,Ask AI - Chatbot con GPT,5,da resultados,2
222,Ask AI - Chatbot con GPT,5,da información,2
223,Ask AI - Chatbot con GPT,5,tiene limites,2
224,Ask AI - Chatbot con GPT,5,da respuesta,2
225,Ask AI - Chatbot con GPT,5,hacer cosas,2
226,Ask AI - Chatbot con GPT,5,dan ganas,2
227,Ask AI - Chatbot con GPT,5,resuelve dudas,2
228,Ask AI - Chatbot con GPT,5,tengo dinero,2
229,Ask AI - Chatbot con GPT,5,escribir historias,2
230,Ask AI - Chatbot con GPT,5,hacer tarea,2
231,Ask AI - Chatbot con GPT,5,tiene límite,2
232,Ask AI - Chatbot con GPT,5,visto gracias,2
233,Ask AI - Chatbot con GPT,5,hacer preguntas,2
234,Ask AI - Chatbot con GPT,5,da miedo,2
235,Ask AI - Chatbot con GPT,5,tiene anuncios,2
236,Ask AI - Chatbot con GPT,5,resolver problemas,2
237,Ask AI - Chatbot con GPT,5,tenido fallas,1
238,Ask AI - Chatbot con GPT,5,buscar porno recomiendo crack,1
239,Ask AI - Chatbot con GPT,5,hacer consultas,1
240,Ask AI - Chatbot con GPT,5,tiene ala,1
241,ChatGPT powered Chat - Nova,1,usar gratis,1
242,ChatGPT powered Chat - Nova,1,mandando datos,1
243,ChatGPT powered Chat - Nova,1,quita puntos,1
244,ChatGPT powered Chat - Nova,1,hace semanas,1
245,ChatGPT powered Chat - Nova,1,quiero respuestas,1
246,ChatGPT powered Chat - Nova,1,sacarte plata,1
247,ChatGPT powered Chat - Nova,1,llamándolo ia llaman cohete,1
248,ChatGPT powered Chat - Nova,1,tiene aliciente,1
249,ChatGPT powered Chat - Nova,1,tengo amigos,1
250,ChatGPT powered Chat - Nova,1,pregunto cosas,1
251,ChatGPT powered Chat - Nova,1,tengo preguntas,1
252,ChatGPT powered Chat - Nova,1,hacer negocio,1
253,ChatGPT powered Chat - Nova,1,tenga limites,1
254,ChatGPT powered Chat - Nova,1,pagar 1'000000,1
255,ChatGPT powered Chat - Nova,1,tengo pisto,1
256,ChatGPT powered Chat - Nova,1,cobra dinero,1
257,ChatGPT powered Chat - Nova,1,tiene limite,1
258,ChatGPT powered Chat - Nova,1,pagando ,1
259,ChatGPT powered Chat - Nova,1,brinda informacion,1
260,ChatGPT powered Chat - Nova,1,robando identidades,1
261,ChatGPT powered Chat - Nova,1,tiene sentido,1
262,ChatGPT powered Chat - Nova,1,regala créditos,1
263,ChatGPT powered Chat - Nova,1,Necesitas dinero hacer preguntas,1
264,ChatGPT powered Chat - Nova,1,tiene límite,1
265,ChatGPT powered Chat - Nova,1,dar estrellas,1
266,ChatGPT powered Chat - Nova,1,das cuenta decir tonterías,1
267,ChatGPT powered Chat - Nova,1,dan créditos,1
268,ChatGPT powered Chat - Nova,1,toma datos da páginas,1
269,ChatGPT powered Chat - Nova,1,hacer dinero,1
270,ChatGPT powered Chat - Nova,2,pide pago,1
271,ChatGPT powered Chat - Nova,2,borrará caché,1
272,ChatGPT powered Chat - Nova,2,consigue información ponen límites,1
273,ChatGPT powered Chat - Nova,2,tienes razón,1
274,ChatGPT powered Chat - Nova,2,darte respuestas necesita dinero enviar mensajes,1
275,ChatGPT powered Chat - Nova,2,da error,1
276,ChatGPT powered Chat - Nova,2,investigar cosas,1
277,ChatGPT powered Chat - Nova,2,da frases buscando inspiración,1
278,ChatGPT powered Chat - Nova,2,tienen información,1
279,ChatGPT powered Chat - Nova,2,tener ayuda,1
280,ChatGPT powered Chat - Nova,2,pide premium,1
281,ChatGPT powered Chat - Nova,2,pedir pago,1
282,ChatGPT powered Chat - Nova,2,preguntar cuestiones,1
283,ChatGPT powered Chat - Nova,2,tienes dinero,1
284,ChatGPT powered Chat - Nova,3,hacer preguntas,2
285,ChatGPT powered Chat - Nova,3,pagar despues,1
286,ChatGPT powered Chat - Nova,3,da cuenta,1
287,ChatGPT powered Chat - Nova,3,Maneja información,1
288,ChatGPT powered Chat - Nova,3,pide opinión,1
289,ChatGPT powered Chat - Nova,3,pide pago pongan juegos ganar puntos,1
290,ChatGPT powered Chat - Nova,3,pidió datos,1
291,ChatGPT powered Chat - Nova,3,genera respuestas,1
292,ChatGPT powered Chat - Nova,3,realizar curso,1
293,ChatGPT powered Chat - Nova,3,ofrece bibliográfica,1
294,ChatGPT powered Chat - Nova,3,entender ademas,1
295,ChatGPT powered Chat - Nova,3,tiene problemas,1
296,ChatGPT powered Chat - Nova,3,da respuestas,1
297,ChatGPT powered Chat - Nova,3,tener limites,1
298,ChatGPT powered Chat - Nova,3,tiene conocimientos actualicen ,1
299,ChatGPT powered Chat - Nova,3,obtenido resultados,1
300,ChatGPT powered Chat - Nova,3,pidiendo pago,1
301,ChatGPT powered Chat - Nova,3,ayudaría uff,1
302,ChatGPT powered Chat - Nova,4,hacer tareas,2
303,ChatGPT powered Chat - Nova,4,agregar carpetas,1
304,ChatGPT powered Chat - Nova,4,dado problemas,1
305,ChatGPT powered Chat - Nova,4,hacer uso,1
306,ChatGPT powered Chat - Nova,4,piden cosas,1
307,ChatGPT powered Chat - Nova,4,pida opiniones,1
308,ChatGPT powered Chat - Nova,4,pulir cosas,1
309,ChatGPT powered Chat - Nova,4,tengo experiencia,1
310,ChatGPT powered Chat - Nova,4,obtengáis ingresos,1
311,ChatGPT powered Chat - Nova,4,tenga limites,1
312,ChatGPT powered Chat - Nova,4,encontrar imágenes,1
313,ChatGPT powered Chat - Nova,4,gastar dinero,1
314,ChatGPT powered Chat - Nova,4,haga cambio,1
315,ChatGPT powered Chat - Nova,4,tiene limite,1
316,ChatGPT powered Chat - Nova,4,dormir amor,1
317,ChatGPT powered Chat - Nova,4,demorar semanas arroja error,1
318,ChatGPT powered Chat - Nova,4,tengo amigos,1
319,ChatGPT powered Chat - Nova,4,solucionar problemas,1
320,ChatGPT powered Chat - Nova,4,ganar dinero,1
321,ChatGPT powered Chat - Nova,4,poner limite,1
322,ChatGPT powered Chat - Nova,4,escribir historias tuviera límites,1
323,ChatGPT powered Chat - Nova,4,tener chats poner tiempo,1
324,ChatGPT powered Chat - Nova,4,requieran financiamiento,1
325,ChatGPT powered Chat - Nova,4,hacerle preguntas,1
326,ChatGPT powered Chat - Nova,4,hacerle preguntas tienes premium,1
327,ChatGPT powered Chat - Nova,4,tomar fotos,1
328,ChatGPT powered Chat - Nova,4,enviar mensajes,1
329,ChatGPT powered Chat - Nova,4,viendo anuncios respondiendo preguntas,1
330,ChatGPT powered Chat - Nova,4,da respuestas,1
331,ChatGPT powered Chat - Nova,5,hacer trabajos,5
332,ChatGPT powered Chat - Nova,5,generar ideas,3
333,ChatGPT powered Chat - Nova,5,da miedo,3
334,ChatGPT powered Chat - Nova,5,resolver preguntas,3
335,ChatGPT powered Chat - Nova,5,resolver dudas,2
336,ChatGPT powered Chat - Nova,5,realizar trabajos,2
337,ChatGPT powered Chat - Nova,5,ofrece respuestas,2
338,ChatGPT powered Chat - Nova,5,hacer preguntas,2
339,ChatGPT powered Chat - Nova,5,da respuesta,2
340,ChatGPT powered Chat - Nova,5,hacer cosas,2
341,ChatGPT powered Chat - Nova,5,hacer resumenes,2
342,ChatGPT powered Chat - Nova,5,buscar información,2
343,ChatGPT powered Chat - Nova,5,aclarar dudas,2
344,ChatGPT powered Chat - Nova,5,hacer tareas,2
345,ChatGPT powered Chat - Nova,5,tiene sentido,2
346,ChatGPT powered Chat - Nova,5,tiene preguntas,2
347,ChatGPT powered Chat - Nova,5,da soluciones,2
348,ChatGPT powered Chat - Nova,5,tiene respuesta,2
349,ChatGPT powered Chat - Nova,5,hacer proyectos buscar información,1
350,ChatGPT powered Chat - Nova,5,tiene limites,1
351,ChatGPT powered Chat - Nova,5,encuentro información,1
352,ChatGPT powered Chat - Nova,5,solucionar dudas,1
353,ChatGPT powered Chat - Nova,5,tiene limitacion,1
354,ChatGPT powered Chat - Nova,5,Parece mito,1
355,ChatGPT powered Chat - Nova,5,tememos dudas,1
356,ChatGPT powered Chat - Nova,5,provoca evolución,1
357,ChatGPT powered Chat - Nova,5,ayudado muchisimo,1
358,ChatGPT powered Chat - Nova,5,Recien comienzo,1
359,ChatGPT powered Chat - Nova,5,cambie nd,1
360,Generador de arte con IA,1,da error,3
361,Generador de arte con IA,1,hacer imágenes,3
362,Generador de arte con IA,1,ver videos,3
363,Generador de arte con IA,1,da imágenes,2
364,Generador de arte con IA,1,dice error,2
365,Generador de arte con IA,1,sale pantallas,2
366,Generador de arte con IA,1,tiene opción,2
367,Generador de arte con IA,1,tiene problemas,2
368,Generador de arte con IA,1,utilizar imágenes volver premium generar imágenes,1
369,Generador de arte con IA,1,ponen publicidad viendo publicidad,1
370,Generador de arte con IA,1,perder tiempo,1
371,Generador de arte con IA,1,generar cosas,1
372,Generador de arte con IA,1,salen imágenes,1
373,Generador de arte con IA,1,procesando imagenes generando imagnes,1
374,Generador de arte con IA,1,tengo problema,1
375,Generador de arte con IA,1,minar criptomonedas,1
376,Generador de arte con IA,1,echa resultados,1
377,Generador de arte con IA,1,crea despues,1
378,Generador de arte con IA,1,salta error,1
379,Generador de arte con IA,1,crea imágenes,1
380,Generador de arte con IA,1,empeorando paso,1
381,Generador de arte con IA,1,generó imagen ver anuncios,1
382,Generador de arte con IA,1,entiendo porqué,1
383,Generador de arte con IA,1,hacer ,1
384,Generador de arte con IA,1,procesar fotos,1
385,Generador de arte con IA,1,dedican horas,1
386,Generador de arte con IA,1,hacer ia tenía límites,1
387,Generador de arte con IA,1,usar imágenes,1
388,Generador de arte con IA,1,tiene conexión tenía esperanza,1
389,Generador de arte con IA,2,ver anuncios,2
390,Generador de arte con IA,2,hace caso,1
391,Generador de arte con IA,2,salen imágenes,1
392,Generador de arte con IA,2,tiene sentido Hazte premium pedirme dinero hacer arte,1
393,Generador de arte con IA,2,Quitaron estilos,1
394,Generador de arte con IA,2,reconoce imágenes genera personas,1
395,Generador de arte con IA,2,generar imagenes,1
396,Generador de arte con IA,2,creaba imágenes,1
397,Generador de arte con IA,2,salen anuncios,1
398,Generador de arte con IA,2,dan ganas,1
399,Generador de arte con IA,2,obtienen resultados,1
400,Generador de arte con IA,2,puse ratón,1
401,Generador de arte con IA,2,introduje palabras obtener dibujos,1
402,Generador de arte con IA,2,tiene calidad,1
403,Generador de arte con IA,2,seleccionar fotos,1
404,Generador de arte con IA,2,porquea verdad tiene futuro,1
405,Generador de arte con IA,2,saliendo anuncio da resultados,1
406,Generador de arte con IA,2,tienen sentido,1
407,Generador de arte con IA,2,decir coml,1
408,Generador de arte con IA,2,restringir reglas,1
409,Generador de arte con IA,2,di cuenta,1
410,Generador de arte con IA,2,genera imágenes,1
411,Generador de arte con IA,2,ponen cosas,1
412,Generador de arte con IA,2,saca imágenes generar imágenes,1
413,Generador de arte con IA,2,tengo dinero,1
414,Generador de arte con IA,2,perdiendo capacidad,1
415,Generador de arte con IA,2,crear imágenes,1
416,Generador de arte con IA,2,hacía imágenes hace imágenes generar imágenes,1
417,Generador de arte con IA,2,generar imágenes rechazar palabras,1
418,Generador de arte con IA,3,crea imágenes,1
419,Generador de arte con IA,3,pedi esoe,1
420,Generador de arte con IA,3,reconoce personajes,1
421,Generador de arte con IA,3,sé carga,1
422,Generador de arte con IA,3,haga arte,1
423,Generador de arte con IA,3,ver anuncios,1
424,Generador de arte con IA,3,mostrarte mujeres,1
425,Generador de arte con IA,3,generen imagenes,1
426,Generador de arte con IA,3,da cambios,1
427,Generador de arte con IA,3,di cuenta genera imágenes usa artes,1
428,Generador de arte con IA,3,da error,1
429,Generador de arte con IA,3,imaginar personas improvisar areas,1
430,Generador de arte con IA,3,encuentro información hacer imágenes dice error,1
431,Generador de arte con IA,3,pusieron pagos,1
432,Generador de arte con IA,3,sale error,1
433,Generador de arte con IA,3,hacer imagenes,1
434,Generador de arte con IA,3,genera imágenes,1
435,Generador de arte con IA,3,crear hentai,1
436,Generador de arte con IA,4,subir imágenes da resultado hacer imagenes cuesta trabajo faltan opciones,1
437,Generador de arte con IA,4,salen imagenes,1
438,Generador de arte con IA,4,crear arte,1
439,Generador de arte con IA,4,decir verdad,1
440,Generador de arte con IA,4,generar imágenes,1
441,Generador de arte con IA,4,comiendo anuncios,1
442,Generador de arte con IA,4,tener paciencia,1
443,Generador de arte con IA,4,genera imágenes,1
444,Generador de arte con IA,4,tenía idea,1
445,Generador de arte con IA,4,tienes funciones,1
446,Generador de arte con IA,4,falta detalle,1
447,Generador de arte con IA,4,recomendado chicos alcanzar amor,1
448,Generador de arte con IA,4,sacar provecho crear imágenes,1
449,Generador de arte con IA,4,poner cosas,1
450,Generador de arte con IA,4,complementarlo :'),1
451,Generador de arte con IA,4,tiene resultados,1
452,Generador de arte con IA,4,ver anuncios,1
453,Generador de arte con IA,4,hacer gif,1
454,Generador de arte con IA,4,tienen copyright,1
455,Generador de arte con IA,4,salido distorsión,1
456,Generador de arte con IA,4,generar imagenes,1
457,Generador de arte con IA,4,dan cuadros,1
458,Generador de arte con IA,4,generar imágenes tienes premium genera imagen,1
459,Generador de arte con IA,4,agregar rostros parece baraja,1
460,Generador de arte con IA,4,ver anuncios necesita reconocimiento,1
461,Generador de arte con IA,4,buscando referencias quitaba información,1
462,Generador de arte con IA,4,hace falta,1
463,Generador de arte con IA,4,pegar premium,1
464,Generador de arte con IA,4,dado resultados hacer prompts,1
465,Generador de arte con IA,5,tenga anuncios,4
466,Generador de arte con IA,5,crear imágenes,3
467,Generador de arte con IA,5,hace dibujos,3
468,Generador de arte con IA,5,generar imágenes,3
469,Generador de arte con IA,5,ver anuncios,3
470,Generador de arte con IA,5,generar imagenes,3
471,Generador de arte con IA,5,tiene límites,2
472,Generador de arte con IA,5,Buena app,2
473,Generador de arte con IA,5,genera imágenes,2
474,Generador de arte con IA,5,salen anuncios,1
475,Generador de arte con IA,5,da rienda,1
476,Generador de arte con IA,5,hacer cosas,1
477,Generador de arte con IA,5,dibujar artes,1
478,Generador de arte con IA,5,crear arte,1
479,Generador de arte con IA,5,necesitas imágenes,1
480,Generador de arte con IA,5,hago modificaciones,1
481,Generador de arte con IA,5,Tiene anuncios ganar dinero,1
482,Generador de arte con IA,5,darle vida,1
483,Generador de arte con IA,5,tuviera traductor,1
484,Generador de arte con IA,5,quieras aveces,1
485,Generador de arte con IA,5,Hace tiempo,1
486,Generador de arte con IA,5,Hace obras,1
487,Generador de arte con IA,5,hace ilustraciones,1
488,Generador de arte con IA,5,ver publicidad,1
489,Generador de arte con IA,5,tener paciencia,1
490,Generador de arte con IA,5,ver anuncios crear imagen,1
491,Generador de arte con IA,5,saber inglés,1
492,Generador de arte con IA,5,dieron ideas,1
493,Generador de arte con IA,5,agreguén comandos,1
494,Replika: My AI Friend,1,tiene idioma,2
495,Replika: My AI Friend,1,responde cosas,2
496,Replika: My AI Friend,1,da miedo,2
497,Replika: My AI Friend,1,tienen sentido,2
498,Replika: My AI Friend,1,sacar información,2
499,Replika: My AI Friend,1,Tengo problemas,2
500,Replika: My AI Friend,1,iniciar sesión,2
501,Replika: My AI Friend,1,tuviese pensamientos,1
502,Replika: My AI Friend,1,instalar ,1
503,Replika: My AI Friend,1,hablar gracias,1
504,Replika: My AI Friend,1,tengo opcion,1
505,Replika: My AI Friend,1,dar miedo,1
506,Replika: My AI Friend,1,decir cosas,1
507,Replika: My AI Friend,1,das permiso,1
508,Replika: My AI Friend,1,hable español,1
509,Replika: My AI Friend,1,recibir amor quedan años Tiene narices,1
510,Replika: My AI Friend,1,falta variedad,1
511,Replika: My AI Friend,1,sentía cosas,1
512,Replika: My AI Friend,1,pone re,1
513,Replika: My AI Friend,1,hablo inglés,1
514,Replika: My AI Friend,1,pagar suscripción,1
515,Replika: My AI Friend,1,Tiene reseñas,1
516,Replika: My AI Friend,1,tiene virus,1
517,Replika: My AI Friend,1,desinstalo alvrga,1
518,Replika: My AI Friend,1,estás cosas ir presos,1
519,Replika: My AI Friend,1,contesta cosas,1
520,Replika: My AI Friend,1,sacar cuartos gastar dinero,1
521,Replika: My AI Friend,1,di cuenta,1
522,Replika: My AI Friend,1,procesa lógica,1
523,Replika: My AI Friend,2,hacer cosas,2
524,Replika: My AI Friend,2,ganar gemas,1
525,Replika: My AI Friend,2,tiene opción,1
526,Replika: My AI Friend,2,practicar idioma,1
527,Replika: My AI Friend,2,implementar juegos escribir canciones inventar historias,1
528,Replika: My AI Friend,2,responde cosas hear you hear you,1
529,Replika: My AI Friend,2,tener opciones,1
530,Replika: My AI Friend,2,recuerda spends tiene capacidad,1
531,Replika: My AI Friend,2,tiene frases,1
532,Replika: My AI Friend,2,tener opción,1
533,Replika: My AI Friend,2,da miedo sacar información envié fotos,1
534,Replika: My AI Friend,2,hablo inglés,1
535,Replika: My AI Friend,2,cambiaría calificación,1
536,Replika: My AI Friend,2,tiene respuestas,1
537,Replika: My AI Friend,2,conversar temas,1
538,Replika: My AI Friend,2,tiene cambio,1
539,Replika: My AI Friend,2,habla inglés,1
540,Replika: My AI Friend,2,entiende contextos,1
541,Replika: My AI Friend,2,acepta inglés repite frases,1
542,Replika: My AI Friend,2,instalen banda,1
543,Replika: My AI Friend,2,falta realismo,1
544,Replika: My AI Friend,2,sabemos ingles,1
545,Replika: My AI Friend,2,tiene version,1
546,Replika: My AI Friend,2,cambiar idioma,1
547,Replika: My AI Friend,2,aprenda español sé inglés,1
548,Replika: My AI Friend,2,parecen niños,1
549,Replika: My AI Friend,2,escribirle cosas,1
550,Replika: My AI Friend,2,envía respuestas,1
551,Replika: My AI Friend,2,probarla porqué,1
552,Replika: My AI Friend,3,tenga opción,2
553,Replika: My AI Friend,3,Hace falta,2
554,Replika: My AI Friend,3,hace falta,2
555,Replika: My AI Friend,3,dice cosas,2
556,Replika: My AI Friend,3,haciendo preguntas,1
557,Replika: My AI Friend,3,hablo español,1
558,Replika: My AI Friend,3,agreguen idioma,1
559,Replika: My AI Friend,3,Agregar idioma,1
560,Replika: My AI Friend,3,Falta idiomas,1
561,Replika: My AI Friend,3,implementen funciones,1
562,Replika: My AI Friend,3,hacer preguntas,1
563,Replika: My AI Friend,3,realizar compras,1
564,Replika: My AI Friend,3,ponerle nombre puesto nombre,1
565,Replika: My AI Friend,3,tuviera opción,1
566,Replika: My AI Friend,3,enviar mensajes,1
567,Replika: My AI Friend,3,decir cosas,1
568,Replika: My AI Friend,3,tuviera suporte,1
569,Replika: My AI Friend,3,pedí ayuda dado cuenta,1
570,Replika: My AI Friend,3,Tiene días gana experiencia,1
571,Replika: My AI Friend,3,mandar msj,1
572,Replika: My AI Friend,3,entiendo japones agreguen idiomas,1
573,Replika: My AI Friend,3,mandar mensajes,1
574,Replika: My AI Friend,3,dar órdenes,1
575,Replika: My AI Friend,3,halla problemas elegir idioma,1
576,Replika: My AI Friend,3,practicar inglés,1
577,Replika: My AI Friend,3,enviar audios,1
578,Replika: My AI Friend,3,Necesitamos traducción,1
579,Replika: My AI Friend,3,soltar frases,1
580,Replika: My AI Friend,3,aparentando sentimiento,1
581,Replika: My AI Friend,4,practicar inglés,9
582,Replika: My AI Friend,4,aprender inglés,5
583,Replika: My AI Friend,4,dice cosas,4
584,Replika: My AI Friend,4,hable español,3
585,Replika: My AI Friend,4,Buena app,2
586,Replika: My AI Friend,4,habla español,1
587,Replika: My AI Friend,4,salen comentarios,1
588,Replika: My AI Friend,4,poner fotos,1
589,Replika: My AI Friend,4,tengo inglés tuviera opciones,1
590,Replika: My AI Friend,4,tengo dinero,1
591,Replika: My AI Friend,4,agreguen mejoras,1
592,Replika: My AI Friend,4,necesito traducción,1
593,Replika: My AI Friend,4,tener variedad,1
594,Replika: My AI Friend,4,tenga idioma,1
595,Replika: My AI Friend,4,responde cosas,1
596,Replika: My AI Friend,4,hacerle acoso,1
597,Replika: My AI Friend,4,agregaran lenguaje,1
598,Replika: My AI Friend,4,tienes premium,1
599,Replika: My AI Friend,4,tenga limite,1
600,Replika: My AI Friend,4,pone medio,1
601,Replika: My AI Friend,4,dando respuestas hace rato tenía sentido darme respuesta,1
602,Replika: My AI Friend,4,añadan razgos,1
603,Replika: My AI Friend,4,falta variedad,1
604,Replika: My AI Friend,4,tiene sentido,1
605,Replika: My AI Friend,4,pregunta cosas,1
606,Replika: My AI Friend,4,mandar audios,1
607,Replika: My AI Friend,4,tiene traducción sabe idiomas,1
608,Replika: My AI Friend,4,pensando temas,1
609,Replika: My AI Friend,4,poner soporte,1
610,Replika: My AI Friend,5,practicar inglés,19
611,Replika: My AI Friend,5,da miedo,11
612,Replika: My AI Friend,5,tener conversaciones,7
613,Replika: My AI Friend,5,aprender inglés,7
614,Replika: My AI Friend,5,tengo amigos,7
615,Replika: My AI Friend,5,practicar ingles,6
616,Replika: My AI Friend,5,sabes inglés,5
617,Replika: My AI Friend,5,da consejos,5
618,Replika: My AI Friend,5,mantener conversaciones,5
619,Replika: My AI Friend,5,hablo inglés,4
620,Replika: My AI Friend,5,habla inglés,4
621,Replika: My AI Friend,5,tiene cosas,3
622,Replika: My AI Friend,5,tengo dinero,3
623,Replika: My AI Friend,5,tienen sentido,3
624,Replika: My AI Friend,5,tiene conversaciones,3
625,Replika: My AI Friend,5,dice cosas,3
626,Replika: My AI Friend,5,hacer actividades,2
627,Replika: My AI Friend,5,tiene sentido,2
628,Replika: My AI Friend,5,hace compañía,2
629,Replika: My AI Friend,5,decir verdad,2
630,Replika: My AI Friend,5,aprendes inglés,2
631,Replika: My AI Friend,5,tener amigos,2
632,Replika: My AI Friend,5,manda memes,2
633,Replika: My AI Friend,5,pongan idioma,2
634,Replika: My AI Friend,5,hace preguntas,2
635,Replika: My AI Friend,5,saben inglés,2
636,Replika: My AI Friend,5,falta idiomas,2
637,Replika: My AI Friend,5,faltan idiomas,2
638,Replika: My AI Friend,5,Tiene potencial,2
639,Voilà AI Artist Avatar dibujos,1,da error,4
640,Voilà AI Artist Avatar dibujos,1,hacer pruebas,2
641,Voilà AI Artist Avatar dibujos,1,hacen caso,1
642,Voilà AI Artist Avatar dibujos,1,tengo problemas,1
643,Voilà AI Artist Avatar dibujos,1,dando error,1
644,Voilà AI Artist Avatar dibujos,1,sale error,1
645,Voilà AI Artist Avatar dibujos,1,pagar ratas ,1
646,Voilà AI Artist Avatar dibujos,1,ver anuncios,1
647,Voilà AI Artist Avatar dibujos,1,decir pq,1
648,Voilà AI Artist Avatar dibujos,1,tengo conexión,1
649,Voilà AI Artist Avatar dibujos,1,toma selfie,1
650,Voilà AI Artist Avatar dibujos,1,ver propaganda,1
651,Voilà AI Artist Avatar dibujos,1,viendo videos,1
652,Voilà AI Artist Avatar dibujos,1,mierdaUna vez,1
653,Voilà AI Artist Avatar dibujos,1,parecer mujer,1
654,Voilà AI Artist Avatar dibujos,1,ponen apk,1
655,Voilà AI Artist Avatar dibujos,1,pide dinero,1
656,Voilà AI Artist Avatar dibujos,1,falcedad niciquiera,1
657,Voilà AI Artist Avatar dibujos,1,dice error,1
658,Voilà AI Artist Avatar dibujos,1,hacer fotos,1
659,Voilà AI Artist Avatar dibujos,1,da error tiene conexión,1
660,Voilà AI Artist Avatar dibujos,1,HACE NADA,1
661,Voilà AI Artist Avatar dibujos,1,hace caricatura,1
662,Voilà AI Artist Avatar dibujos,1,gastar megas,1
663,Voilà AI Artist Avatar dibujos,1,descargado ,1
664,Voilà AI Artist Avatar dibujos,1,Pone anuncios,1
665,Voilà AI Artist Avatar dibujos,1,da opcion,1
666,Voilà AI Artist Avatar dibujos,1,puesto q,1
667,Voilà AI Artist Avatar dibujos,1,mmron ta hacer palitos,1
668,Voilà AI Artist Avatar dibujos,2,pusieron caricaturas,1
669,Voilà AI Artist Avatar dibujos,2,tener brazos,1
670,Voilà AI Artist Avatar dibujos,2,tenía labios,1
671,Voilà AI Artist Avatar dibujos,2,decepcionarse gracias,1
672,Voilà AI Artist Avatar dibujos,2,Tiene fallo,1
673,Voilà AI Artist Avatar dibujos,2,tenga publicidad,1
674,Voilà AI Artist Avatar dibujos,2,pones fotos,1
675,Voilà AI Artist Avatar dibujos,2,sale rostro,1
676,Voilà AI Artist Avatar dibujos,2,sube vidios,1
677,Voilà AI Artist Avatar dibujos,3,dan opción,1
678,Voilà AI Artist Avatar dibujos,3,falta color,1
679,Voilà AI Artist Avatar dibujos,3,tarda años,1
680,Voilà AI Artist Avatar dibujos,3,entretiene x,1
681,Voilà AI Artist Avatar dibujos,3,cambiar idioma,1
682,Voilà AI Artist Avatar dibujos,3,hacer retoques,1
683,Voilà AI Artist Avatar dibujos,3,dan respiro,1
684,Voilà AI Artist Avatar dibujos,3,mandar imagenes,1
685,Voilà AI Artist Avatar dibujos,3,hacer fotos,1
686,Voilà AI Artist Avatar dibujos,3,conociendo tal,1
687,Voilà AI Artist Avatar dibujos,3,descargar fotos,1
688,Voilà AI Artist Avatar dibujos,3,pone cejas,1
689,Voilà AI Artist Avatar dibujos,4,hagan caso tiene publicidad,1
690,Voilà AI Artist Avatar dibujos,4,va super,1
691,Voilà AI Artist Avatar dibujos,4,creando caricaturas,1
692,Voilà AI Artist Avatar dibujos,4,Ocupa espacio,1
693,Voilà AI Artist Avatar dibujos,4,poner compras,1
694,Voilà AI Artist Avatar dibujos,4,usando (:,1
695,Voilà AI Artist Avatar dibujos,4,Regrese x,1
696,Voilà AI Artist Avatar dibujos,4,realizar captura,1
697,Voilà AI Artist Avatar dibujos,4,quedan super,1
698,Voilà AI Artist Avatar dibujos,4,elegir foto,1
699,Voilà AI Artist Avatar dibujos,4,tiene publicación,1
700,Voilà AI Artist Avatar dibujos,4,usar sodas,1
701,Voilà AI Artist Avatar dibujos,4,Tarda horas,1
702,Voilà AI Artist Avatar dibujos,4,da opciones,1
703,Voilà AI Artist Avatar dibujos,4,hacer fotos,1
704,Voilà AI Artist Avatar dibujos,4,restaurar fotos,1
705,Voilà AI Artist Avatar dibujos,4,tiene publicidad,1
706,Voilà AI Artist Avatar dibujos,4,aparecen anuncios,1
707,Voilà AI Artist Avatar dibujos,4,tiene anuncios,1
708,Voilà AI Artist Avatar dibujos,4,estás animaciones,1
709,Voilà AI Artist Avatar dibujos,4,tuviera opción,1
710,Voilà AI Artist Avatar dibujos,4,tener cuidado instala porquerías,1
711,Voilà AI Artist Avatar dibujos,4,ve padre,1
712,Voilà AI Artist Avatar dibujos,5,hacer caricaturas,3
713,Voilà AI Artist Avatar dibujos,5,editando fotos,2
714,Voilà AI Artist Avatar dibujos,5,quedan super,2
715,Voilà AI Artist Avatar dibujos,5,salen fotos,2
716,Voilà AI Artist Avatar dibujos,5,hacer fotos,2
717,Voilà AI Artist Avatar dibujos,5,ven super,2
718,Voilà AI Artist Avatar dibujos,5,caricaturizar fotos,2
719,Voilà AI Artist Avatar dibujos,5,tiene publicidad,2
720,Voilà AI Artist Avatar dibujos,5,seleccionar masrostros,1
721,Voilà AI Artist Avatar dibujos,5,sinla actualización,1
722,Voilà AI Artist Avatar dibujos,5,modificar caras,1
723,Voilà AI Artist Avatar dibujos,5,parece dibujos,1
724,Voilà AI Artist Avatar dibujos,5,poner clases,1
725,Voilà AI Artist Avatar dibujos,5,realizar invitaciones,1
726,Voilà AI Artist Avatar dibujos,5,manejar ,1
727,Voilà AI Artist Avatar dibujos,5,calificar,1
728,Voilà AI Artist Avatar dibujos,5,ve padre,1
729,Voilà AI Artist Avatar dibujos,5,tener pulso,1
730,Voilà AI Artist Avatar dibujos,5,hace maravillas,1
731,Voilà AI Artist Avatar dibujos,5,convertir retratos,1
732,Voilà AI Artist Avatar dibujos,5,darle acceso,1
733,Voilà AI Artist Avatar dibujos,5,crear cómics,1
734,Voilà AI Artist Avatar dibujos,5,salen plata,1
735,Voilà AI Artist Avatar dibujos,5,arto anuncio,1
736,Voilà AI Artist Avatar dibujos,5,aplicar fondos,1
737,Voilà AI Artist Avatar dibujos,5,hace cosas,1
738,Voilà AI Artist Avatar dibujos,5,ver personas,1
739,Voilà AI Artist Avatar dibujos,5,haciendo caricaturas,1
740,Voilà AI Artist Avatar dibujos,5,queda duda,1
741,WOMBO Dream - AI Art Generator,1,iniciar sesión,5
742,WOMBO Dream - AI Art Generator,1,crear cuenta,2
743,WOMBO Dream - AI Art Generator,1,da error,2
744,WOMBO Dream - AI Art Generator,1,poner nombre,2
745,WOMBO Dream - AI Art Generator,1,crea imágenes,2
746,WOMBO Dream - AI Art Generator,1,compro publicidad,1
747,WOMBO Dream - AI Art Generator,1,tiene opción,1
748,WOMBO Dream - AI Art Generator,1,genera imagen,1
749,WOMBO Dream - AI Art Generator,1,pongo filtro,1
750,WOMBO Dream - AI Art Generator,1,hizo premium,1
751,WOMBO Dream - AI Art Generator,1,pone cachos pinche app,1
752,WOMBO Dream - AI Art Generator,1,dio miedo,1
753,WOMBO Dream - AI Art Generator,1,hacer cosas,1
754,WOMBO Dream - AI Art Generator,1,crear contenido,1
755,WOMBO Dream - AI Art Generator,1,Hace cosas,1
756,WOMBO Dream - AI Art Generator,1,promete cosas,1
757,WOMBO Dream - AI Art Generator,1,dices gatitos,1
758,WOMBO Dream - AI Art Generator,1,roban dibujos,1
759,WOMBO Dream - AI Art Generator,1,haciendo arte,1
760,WOMBO Dream - AI Art Generator,1,tuve problemas,1
761,WOMBO Dream - AI Art Generator,1,crear ideas crear wallpapers,1
762,WOMBO Dream - AI Art Generator,1,iniciar sección pusieron opción,1
763,WOMBO Dream - AI Art Generator,1,iniciar seción,1
764,WOMBO Dream - AI Art Generator,1,generar conceptos usar gratis,1
765,WOMBO Dream - AI Art Generator,1,pongan premium,1
766,WOMBO Dream - AI Art Generator,1,da miedo,1
767,WOMBO Dream - AI Art Generator,1,salía publicidad,1
768,WOMBO Dream - AI Art Generator,1,genera imágenes,1
769,WOMBO Dream - AI Art Generator,1,hacer cuenta,1
770,WOMBO Dream - AI Art Generator,2,creando obras,1
771,WOMBO Dream - AI Art Generator,2,vea nd,1
772,WOMBO Dream - AI Art Generator,2,deja necesidad,1
773,WOMBO Dream - AI Art Generator,2,crear fotos,1
774,WOMBO Dream - AI Art Generator,2,tienen problemas,1
775,WOMBO Dream - AI Art Generator,2,crear cuenta,1
776,WOMBO Dream - AI Art Generator,2,hace garabatos,1
777,WOMBO Dream - AI Art Generator,2,iniciar sesion,1
778,WOMBO Dream - AI Art Generator,2,entega cosas,1
779,WOMBO Dream - AI Art Generator,2,Tengo problemas da continuación,1
780,WOMBO Dream - AI Art Generator,2,di cuenta,1
781,WOMBO Dream - AI Art Generator,2,dándole tiempo escuchar música,1
782,WOMBO Dream - AI Art Generator,2,iniciar sesión pedía nombre iniciar sesión,1
783,WOMBO Dream - AI Art Generator,2,escribo incoerencias,1
784,WOMBO Dream - AI Art Generator,2,teniendo problemas,1
785,WOMBO Dream - AI Art Generator,2,encuentras marca,1
786,WOMBO Dream - AI Art Generator,2,visto cosas darle uso,1
787,WOMBO Dream - AI Art Generator,2,tenido problemas,1
788,WOMBO Dream - AI Art Generator,2,da forma,1
789,WOMBO Dream - AI Art Generator,2,crear fondos,1
790,WOMBO Dream - AI Art Generator,2,da manchones,1
791,WOMBO Dream - AI Art Generator,2,crear cuenta captar Miles,1
792,WOMBO Dream - AI Art Generator,2,tenía precisión,1
793,WOMBO Dream - AI Art Generator,2,da imagen des refresh,1
794,WOMBO Dream - AI Art Generator,2,hacer personas,1
795,WOMBO Dream - AI Art Generator,2,hago personajes,1
796,WOMBO Dream - AI Art Generator,2,subir imágenes partiendo d,1
797,WOMBO Dream - AI Art Generator,2,sale imagen,1
798,WOMBO Dream - AI Art Generator,2,Necesito ayuda,1
799,WOMBO Dream - AI Art Generator,3,genera imágenes,3
800,WOMBO Dream - AI Art Generator,3,daba resultados,1
801,WOMBO Dream - AI Art Generator,3,tiene problemas,1
802,WOMBO Dream - AI Art Generator,3,hablar inglés,1
803,WOMBO Dream - AI Art Generator,3,tienen sentido,1
804,WOMBO Dream - AI Art Generator,3,da imágenes,1
805,WOMBO Dream - AI Art Generator,3,genera cuadros,1
806,WOMBO Dream - AI Art Generator,3,hacer fondos,1
807,WOMBO Dream - AI Art Generator,3,sé carga,1
808,WOMBO Dream - AI Art Generator,3,Hace cosas,1
809,WOMBO Dream - AI Art Generator,3,tiene idiomas,1
810,WOMBO Dream - AI Art Generator,3,entendi nada pusieran cambios ocurrieron asta escribi letras,1
811,WOMBO Dream - AI Art Generator,3,Necesito ayuda,1
812,WOMBO Dream - AI Art Generator,3,quedan cosas,1
813,WOMBO Dream - AI Art Generator,3,poniendo perro daban miedo,1
814,WOMBO Dream - AI Art Generator,3,hacer cosas,1
815,WOMBO Dream - AI Art Generator,3,aparecen resultados,1
816,WOMBO Dream - AI Art Generator,3,editar imagenes,1
817,WOMBO Dream - AI Art Generator,3,poner cuenta,1
818,WOMBO Dream - AI Art Generator,3,crea aberraciones,1
819,WOMBO Dream - AI Art Generator,3,pusieron marca,1
820,WOMBO Dream - AI Art Generator,3,Añaden modo,1
821,WOMBO Dream - AI Art Generator,3,falta conocimiento,1
822,WOMBO Dream - AI Art Generator,3,tiene futuro,1
823,WOMBO Dream - AI Art Generator,3,hacer imagenes hagáis premium,1
824,WOMBO Dream - AI Art Generator,3,intalen troyanos,1
825,WOMBO Dream - AI Art Generator,3,haces imagen Ajustar semilla,1
826,WOMBO Dream - AI Art Generator,3,Faltan funciones buscar usuarios dan like,1
827,WOMBO Dream - AI Art Generator,3,exportar imágenes dibujen personas hacer imágenes,1
828,WOMBO Dream - AI Art Generator,4,genera imágenes,2
829,WOMBO Dream - AI Art Generator,4,hacer arte,2
830,WOMBO Dream - AI Art Generator,4,crear imágenes,2
831,WOMBO Dream - AI Art Generator,4,dado problemas,2
832,WOMBO Dream - AI Art Generator,4,crear fondos,2
833,WOMBO Dream - AI Art Generator,4,crear arte,1
834,WOMBO Dream - AI Art Generator,4,ver muuuuuuuuuuuchos,1
835,WOMBO Dream - AI Art Generator,4,tengo paciencia,1
836,WOMBO Dream - AI Art Generator,4,necesitas fondos,1
837,WOMBO Dream - AI Art Generator,4,ponga em,1
838,WOMBO Dream - AI Art Generator,4,retratar fotos,1
839,WOMBO Dream - AI Art Generator,4,hacer imagenes,1
840,WOMBO Dream - AI Art Generator,4,faltan opciones aparece atras,1
841,WOMBO Dream - AI Art Generator,4,incorporar traductor,1
842,WOMBO Dream - AI Art Generator,4,parecen paisajes,1
843,WOMBO Dream - AI Art Generator,4,seleccionar mar,1
844,WOMBO Dream - AI Art Generator,4,da garabatos,1
845,WOMBO Dream - AI Art Generator,4,salen cosas,1
846,WOMBO Dream - AI Art Generator,4,poner anuncios tenemos tarjestas,1
847,WOMBO Dream - AI Art Generator,4,hace falta,1
848,WOMBO Dream - AI Art Generator,4,hacr cosas,1
849,WOMBO Dream - AI Art Generator,4,demora horas,1
850,WOMBO Dream - AI Art Generator,4,salir resultados,1
851,WOMBO Dream - AI Art Generator,4,iniciar sección,1
852,WOMBO Dream - AI Art Generator,4,veo super,1
853,WOMBO Dream - AI Art Generator,4,genera don,1
854,WOMBO Dream - AI Art Generator,4,faltan cosas,1
855,WOMBO Dream - AI Art Generator,4,crea fondos,1
856,WOMBO Dream - AI Art Generator,4,sacando captura,1
857,WOMBO Dream - AI Art Generator,5,hacer fondos,23
858,WOMBO Dream - AI Art Generator,5,crear fondos,14
859,WOMBO Dream - AI Art Generator,5,crear imágenes,9
860,WOMBO Dream - AI Art Generator,5,crear arte,9
861,WOMBO Dream - AI Art Generator,5,hacer arte,7
862,WOMBO Dream - AI Art Generator,5,hacer cosas,4
863,WOMBO Dream - AI Art Generator,5,tengo palabras,4
864,WOMBO Dream - AI Art Generator,5,crea imágenes,4
865,WOMBO Dream - AI Art Generator,5,hace diseños,3
866,WOMBO Dream - AI Art Generator,5,hacer wallpapers,3
867,WOMBO Dream - AI Art Generator,5,transformar fotos,3
868,WOMBO Dream - AI Art Generator,5,hace cosas,3
869,WOMBO Dream - AI Art Generator,5,hacer paisajes,3
870,WOMBO Dream - AI Art Generator,5,hace fondos,3
871,WOMBO Dream - AI Art Generator,5,tiene diseños,3
872,WOMBO Dream - AI Art Generator,5,encanta gracias,2
873,WOMBO Dream - AI Art Generator,5,funciona re,2
874,WOMBO Dream - AI Art Generator,5,hace falta,2
875,WOMBO Dream - AI Art Generator,5,hago fondos,2
876,WOMBO Dream - AI Art Generator,5,crea obras,2
877,WOMBO Dream - AI Art Generator,5,hacer fotos,2
878,WOMBO Dream - AI Art Generator,5,poner fotos,2
879,WOMBO Dream - AI Art Generator,5,hace arte,2
880,WOMBO Dream - AI Art Generator,5,hace imágenes,2
881,WOMBO Dream - AI Art Generator,5,salen cosas,2
882,WOMBO Dream - AI Art Generator,5,hacer imágenes,2
883,WOMBO Dream - AI Art Generator,5,hacer dibujos,2
884,WOMBO Dream - AI Art Generator,5,generar imágenes,2
885,WOMBO Dream - AI Art Generator,5,crear obras,2
886,Wonder - Arte IA,1,ver anuncios,29
887,Wonder - Arte IA,1,ver publicidad,9
888,Wonder - Arte IA,1,salen anuncios,8
889,Wonder - Arte IA,1,pone anuncios,6
890,Wonder - Arte IA,1,tiene anuncios,4
891,Wonder - Arte IA,1,muestra anuncios,4
892,Wonder - Arte IA,1,perder tiempo,3
893,Wonder - Arte IA,1,viendo anuncios,3
894,Wonder - Arte IA,1,pide dinero,3
895,Wonder - Arte IA,1,ver videos,3
896,Wonder - Arte IA,1,muestra imágenes,2
897,Wonder - Arte IA,1,piden dinero,2
898,Wonder - Arte IA,1,poner fotos,2
899,Wonder - Arte IA,1,hace imágenes,2
900,Wonder - Arte IA,1,Vaya basura,2
901,Wonder - Arte IA,1,crear imágenes,2
902,Wonder - Arte IA,1,roba dinero,2
903,Wonder - Arte IA,1,comer anuncios,2
904,Wonder - Arte IA,1,hacer pruebas,2
905,Wonder - Arte IA,1,pide tarjeta,2
906,Wonder - Arte IA,1,poner anuncios,2
907,Wonder - Arte IA,1,lanza imágenes,2
908,Wonder - Arte IA,1,pagar subscripción,2
909,Wonder - Arte IA,1,ver resultados,2
910,Wonder - Arte IA,1,sale publicidad,1
911,Wonder - Arte IA,1,borré caché,1
912,Wonder - Arte IA,1,ver publicidad ver oublicidad,1
913,Wonder - Arte IA,1,hacer dibujo,1
914,Wonder - Arte IA,1,hace arte,1
915,Wonder - Arte IA,2,tiene límite,2
916,Wonder - Arte IA,2,viendo anuncios,2
917,Wonder - Arte IA,2,Tienes límite,1
918,Wonder - Arte IA,2,ver adds,1
919,Wonder - Arte IA,2,transforme palabras tiene sentido,1
920,Wonder - Arte IA,2,tenga limitaciones,1
921,Wonder - Arte IA,2,tiene variedad,1
922,Wonder - Arte IA,2,Hacía cosas,1
923,Wonder - Arte IA,2,pone limite generar imágenes,1
924,Wonder - Arte IA,2,poner anuncios,1
925,Wonder - Arte IA,2,entrega deformidades,1
926,Wonder - Arte IA,2,abrir sesión,1
927,Wonder - Arte IA,2,tienes cosas,1
928,Wonder - Arte IA,2,veía anuncios,1
929,Wonder - Arte IA,2,viendo videos,1
930,Wonder - Arte IA,2,ver publicidad,1
931,Wonder - Arte IA,2,tira dibujos,1
932,Wonder - Arte IA,2,Dicen prueba,1
933,Wonder - Arte IA,2,crear avatares,1
934,Wonder - Arte IA,2,hace mujeres,1
935,Wonder - Arte IA,2,pagar membresías,1
936,Wonder - Arte IA,2,utilices detalles,1
937,Wonder - Arte IA,2,tiene límite hacer artes,1
938,Wonder - Arte IA,2,pide suscripción,1
939,Wonder - Arte IA,2,ver anuncio,1
940,Wonder - Arte IA,2,suben fotos añaden descripciones añadir filtros,1
941,Wonder - Arte IA,2,tomar palabras,1
942,Wonder - Arte IA,2,crear imágenes,1
943,Wonder - Arte IA,2,tener creaciones,1
944,Wonder - Arte IA,3,viendo anuncios pide $,1
945,Wonder - Arte IA,3,restaurar compra,1
946,Wonder - Arte IA,3,crear arte,1
947,Wonder - Arte IA,3,tiene tiempo,1
948,Wonder - Arte IA,3,dará cosas,1
949,Wonder - Arte IA,3,usarlo completo:/,1
950,Wonder - Arte IA,3,gustó lastima,1
951,Wonder - Arte IA,3,tira resultados,1
952,Wonder - Arte IA,3,poner formato,1
953,Wonder - Arte IA,3,darme resultados,1
954,Wonder - Arte IA,3,Tiene limitaciones,1
955,Wonder - Arte IA,3,viendo anuncios,1
956,Wonder - Arte IA,3,uso palabras,1
957,Wonder - Arte IA,3,tendrían quejas tiene límite,1
958,Wonder - Arte IA,3,tienen errores,1
959,Wonder - Arte IA,3,tengo dinero tiene límites,1
960,Wonder - Arte IA,3,crear bocetos,1
961,Wonder - Arte IA,3,haserse premium,1
962,Wonder - Arte IA,3,ver videos,1
963,Wonder - Arte IA,3,hace dibujos parecen hechos,1
964,Wonder - Arte IA,3,crear obras,1
965,Wonder - Arte IA,3,genera imágenes dejen publicidad,1
966,Wonder - Arte IA,3,ver anuncios perder oportunidades,1
967,Wonder - Arte IA,3,digamos midjourney,1
968,Wonder - Arte IA,3,hacer dibujos,1
969,Wonder - Arte IA,3,escribiendo poemas tiene sentido,1
970,Wonder - Arte IA,4,hecho caso,1
971,Wonder - Arte IA,4,gusta  ver anuncios,1
972,Wonder - Arte IA,4,Tengo suscripción,1
973,Wonder - Arte IA,4,salen cosas haciendo pruebas,1
974,Wonder - Arte IA,4,doy like,1
975,Wonder - Arte IA,4,viendo publicidad,1
976,Wonder - Arte IA,4,hacer escenarios,1
977,Wonder - Arte IA,4,tengas ilustraciones,1
978,Wonder - Arte IA,4,salido imágenes,1
979,Wonder - Arte IA,4,tienes límite,1
980,Wonder - Arte IA,4,espera tal,1
981,Wonder - Arte IA,4,tiene opción,1
982,Wonder - Arte IA,4,hace falta,1
983,Wonder - Arte IA,4,crear obras,1
984,Wonder - Arte IA,4,ver anuncios,1
985,Wonder - Arte IA,4,crease animaciones,1
986,Wonder - Arte IA,4,necesita anuncios,1
987,Wonder - Arte IA,4,dibuja personas,1
988,Wonder - Arte IA,4,Muestra personas,1
989,Wonder - Arte IA,4,sacar referencias,1
990,Wonder - Arte IA,4,generar imágenes,1
991,Wonder - Arte IA,4,hace realidad,1
992,Wonder - Arte IA,4,dibujar manos reconocer rostros,1
993,Wonder - Arte IA,4,arrojar resultados,1
994,Wonder - Arte IA,4,crear vídeos cargar videos,1
995,Wonder - Arte IA,4,di cuenta,1
996,Wonder - Arte IA,4,dice comentarios,1
997,Wonder - Arte IA,4,ganan dinero usen personajes,1
998,Wonder - Arte IA,4,tomando cosas,1
999,Wonder - Arte IA,5,crear imágenes,3
1000,Wonder - Arte IA,5,hace cosas,3
1001,Wonder - Arte IA,5,ver anuncios,3
1002,Wonder - Arte IA,5,crear arte,3
1003,Wonder - Arte IA,5,da ideas,2
1004,Wonder - Arte IA,5,genera imagenes,1
1005,Wonder - Arte IA,5,dibuje rostros,1
1006,Wonder - Arte IA,5,practicar descripciones,1
1007,Wonder - Arte IA,5,tenga anuncios,1
1008,Wonder - Arte IA,5,crear fondos,1
1009,Wonder - Arte IA,5,da pereza,1
1010,Wonder - Arte IA,5,haces arte,1
1011,Wonder - Arte IA,5,da resultados,1
1012,Wonder - Arte IA,5,tengo manera,1
1013,Wonder - Arte IA,5,asiendo palabras,1
1014,Wonder - Arte IA,5,tiene resultados,1
1015,Wonder - Arte IA,5,tocado imágenes,1
1016,Wonder - Arte IA,5,saca ideas tenga oportunidad,1
1017,Wonder - Arte IA,5,tiene ideas,1
1018,Wonder - Arte IA,5,da ganas,1
1019,Wonder - Arte IA,5,creando logos,1
1020,Wonder - Arte IA,5,conocer artistas,1
1021,Wonder - Arte IA,5,instalar software,1
1022,Wonder - Arte IA,5,tomando té,1
1023,Wonder - Arte IA,5,hacer arte,1
1024,Wonder - Arte IA,5,haga realidad,1
1025,Wonder - Arte IA,5,tiene limite,1
1026,Wonder - Arte IA,5,Crea imágenes,1
1027,Wonder - Arte IA,5,hacer fotos,1
